ISO-10303-21;
HEADER;
/* Generated by software containing ST-Developer
 * from STEP Tools, Inc. (www.steptools.com) 
 */
/* OPTION: using custom renumber hook */

FILE_DESCRIPTION(
/* description */ ('STEP AP242 Edition 2',
'CAx-IF Rec.Pracs.---Representation and Presentation of Product Manufa
cturing Information (PMI)---4.0---2014-10-13',
'CAx-IF Rec.Pracs.---3D Tessellated Geometry---0.4---2014-09-14','2;1',
'CAx-IF Rec.Pracs.---User Defined Attributes---1.5---2016-08-15'),
/* implementation_level */ '2;1');

FILE_NAME(
/* name */ 'Part Studio 1 - Part 8',
/* time_stamp */ '2026-09-11T06:37:05Z',
/* author */ (''),
/* organization */ (''),
/* preprocessor_version */ 'ST-DEVELOPER v20',
/* originating_system */ 'ONSHAPE BY PTC INC, 1.220',
/* authorisation */ '  ');

FILE_SCHEMA (('AP242_MANAGED_MODEL_BASED_3D_ENGINEERING_MIM_LF { 1 0 10303 442 3 1 4 }'));
ENDSEC;

DATA;
#10=SHAPE_REPRESENTATION_RELATIONSHIP('','',#2817,#11);
#11=ADVANCED_BREP_SHAPE_REPRESENTATION('',(#2815),#4771);
#12=B_SPLINE_SURFACE_WITH_KNOTS('',3,1,((#4231,#4232),(#4233,#4234),(#4235,
#4236),(#4237,#4238)),.SURF_OF_LINEAR_EXTRUSION.,.F.,.F.,.F.,(4,4),(2,2),
(0.,1.),(0.,1.),.PIECEWISE_BEZIER_KNOTS.);
#13=B_SPLINE_SURFACE_WITH_KNOTS('',3,1,((#4259,#4260),(#4261,#4262),(#4263,
#4264),(#4265,#4266)),.SURF_OF_LINEAR_EXTRUSION.,.F.,.F.,.F.,(4,4),(2,2),
(0.,1.),(0.,1.),.PIECEWISE_BEZIER_KNOTS.);
#14=B_SPLINE_SURFACE_WITH_KNOTS('',3,1,((#4269,#4270),(#4271,#4272),(#4273,
#4274),(#4275,#4276)),.SURF_OF_LINEAR_EXTRUSION.,.F.,.F.,.F.,(4,4),(2,2),
(0.,1.),(0.,1.),.PIECEWISE_BEZIER_KNOTS.);
#15=B_SPLINE_SURFACE_WITH_KNOTS('',3,1,((#4278,#4279),(#4280,#4281),(#4282,
#4283),(#4284,#4285)),.SURF_OF_LINEAR_EXTRUSION.,.F.,.F.,.F.,(4,4),(2,2),
(0.,1.),(0.,1.),.PIECEWISE_BEZIER_KNOTS.);
#16=B_SPLINE_SURFACE_WITH_KNOTS('',3,1,((#4287,#4288),(#4289,#4290),(#4291,
#4292),(#4293,#4294)),.SURF_OF_LINEAR_EXTRUSION.,.F.,.F.,.F.,(4,4),(2,2),
(0.,1.),(0.,1.),.PIECEWISE_BEZIER_KNOTS.);
#17=B_SPLINE_SURFACE_WITH_KNOTS('',3,1,((#4296,#4297),(#4298,#4299),(#4300,
#4301),(#4302,#4303)),.SURF_OF_LINEAR_EXTRUSION.,.F.,.F.,.F.,(4,4),(2,2),
(0.,1.),(0.,1.),.PIECEWISE_BEZIER_KNOTS.);
#18=B_SPLINE_SURFACE_WITH_KNOTS('',3,1,((#4305,#4306),(#4307,#4308),(#4309,
#4310),(#4311,#4312)),.SURF_OF_LINEAR_EXTRUSION.,.F.,.F.,.F.,(4,4),(2,2),
(0.,1.),(0.,1.),.PIECEWISE_BEZIER_KNOTS.);
#19=B_SPLINE_SURFACE_WITH_KNOTS('',3,1,((#4314,#4315),(#4316,#4317),(#4318,
#4319),(#4320,#4321)),.SURF_OF_LINEAR_EXTRUSION.,.F.,.F.,.F.,(4,4),(2,2),
(0.,1.),(0.,1.),.PIECEWISE_BEZIER_KNOTS.);
#20=B_SPLINE_SURFACE_WITH_KNOTS('',3,1,((#4323,#4324),(#4325,#4326),(#4327,
#4328),(#4329,#4330)),.SURF_OF_LINEAR_EXTRUSION.,.F.,.F.,.F.,(4,4),(2,2),
(0.,1.),(0.,1.),.PIECEWISE_BEZIER_KNOTS.);
#21=B_SPLINE_SURFACE_WITH_KNOTS('',3,1,((#4332,#4333),(#4334,#4335),(#4336,
#4337),(#4338,#4339)),.SURF_OF_LINEAR_EXTRUSION.,.F.,.F.,.F.,(4,4),(2,2),
(0.,1.),(0.,1.),.PIECEWISE_BEZIER_KNOTS.);
#22=B_SPLINE_SURFACE_WITH_KNOTS('',3,1,((#4343,#4344),(#4345,#4346),(#4347,
#4348),(#4349,#4350)),.SURF_OF_LINEAR_EXTRUSION.,.F.,.F.,.F.,(4,4),(2,2),
(0.,1.),(0.,1.),.PIECEWISE_BEZIER_KNOTS.);
#23=B_SPLINE_SURFACE_WITH_KNOTS('',3,1,((#4352,#4353),(#4354,#4355),(#4356,
#4357),(#4358,#4359)),.SURF_OF_LINEAR_EXTRUSION.,.F.,.F.,.F.,(4,4),(2,2),
(0.,1.),(0.,1.),.PIECEWISE_BEZIER_KNOTS.);
#24=B_SPLINE_SURFACE_WITH_KNOTS('',3,1,((#4361,#4362),(#4363,#4364),(#4365,
#4366),(#4367,#4368)),.SURF_OF_LINEAR_EXTRUSION.,.F.,.F.,.F.,(4,4),(2,2),
(0.,1.),(0.,1.),.PIECEWISE_BEZIER_KNOTS.);
#25=B_SPLINE_SURFACE_WITH_KNOTS('',3,1,((#4370,#4371),(#4372,#4373),(#4374,
#4375),(#4376,#4377)),.SURF_OF_LINEAR_EXTRUSION.,.F.,.F.,.F.,(4,4),(2,2),
(0.,1.),(0.,1.),.PIECEWISE_BEZIER_KNOTS.);
#26=B_SPLINE_SURFACE_WITH_KNOTS('',3,1,((#4379,#4380),(#4381,#4382),(#4383,
#4384),(#4385,#4386)),.SURF_OF_LINEAR_EXTRUSION.,.F.,.F.,.F.,(4,4),(2,2),
(0.,1.),(0.,1.),.PIECEWISE_BEZIER_KNOTS.);
#27=B_SPLINE_SURFACE_WITH_KNOTS('',3,1,((#4388,#4389),(#4390,#4391),(#4392,
#4393),(#4394,#4395)),.SURF_OF_LINEAR_EXTRUSION.,.F.,.F.,.F.,(4,4),(2,2),
(0.,1.),(0.,1.),.PIECEWISE_BEZIER_KNOTS.);
#28=B_SPLINE_SURFACE_WITH_KNOTS('',3,1,((#4397,#4398),(#4399,#4400),(#4401,
#4402),(#4403,#4404)),.SURF_OF_LINEAR_EXTRUSION.,.F.,.F.,.F.,(4,4),(2,2),
(0.,1.),(0.,1.),.PIECEWISE_BEZIER_KNOTS.);
#29=B_SPLINE_SURFACE_WITH_KNOTS('',3,1,((#4406,#4407),(#4408,#4409),(#4410,
#4411),(#4412,#4413)),.SURF_OF_LINEAR_EXTRUSION.,.F.,.F.,.F.,(4,4),(2,2),
(0.,1.),(0.,1.),.PIECEWISE_BEZIER_KNOTS.);
#30=B_SPLINE_SURFACE_WITH_KNOTS('',3,1,((#4415,#4416),(#4417,#4418),(#4419,
#4420),(#4421,#4422)),.SURF_OF_LINEAR_EXTRUSION.,.F.,.F.,.F.,(4,4),(2,2),
(0.,1.),(0.,1.),.PIECEWISE_BEZIER_KNOTS.);
#31=B_SPLINE_SURFACE_WITH_KNOTS('',3,1,((#4424,#4425),(#4426,#4427),(#4428,
#4429),(#4430,#4431)),.SURF_OF_LINEAR_EXTRUSION.,.F.,.F.,.F.,(4,4),(2,2),
(0.,1.),(0.,1.),.PIECEWISE_BEZIER_KNOTS.);
#32=B_SPLINE_SURFACE_WITH_KNOTS('',3,1,((#4439,#4440),(#4441,#4442),(#4443,
#4444),(#4445,#4446)),.SURF_OF_LINEAR_EXTRUSION.,.F.,.F.,.F.,(4,4),(2,2),
(0.,1.),(0.,1.),.PIECEWISE_BEZIER_KNOTS.);
#33=B_SPLINE_SURFACE_WITH_KNOTS('',3,1,((#4448,#4449),(#4450,#4451),(#4452,
#4453),(#4454,#4455)),.SURF_OF_LINEAR_EXTRUSION.,.F.,.F.,.F.,(4,4),(2,2),
(0.,1.),(0.,1.),.PIECEWISE_BEZIER_KNOTS.);
#34=B_SPLINE_SURFACE_WITH_KNOTS('',3,1,((#4505,#4506),(#4507,#4508),(#4509,
#4510),(#4511,#4512)),.SURF_OF_LINEAR_EXTRUSION.,.F.,.F.,.F.,(4,4),(2,2),
(0.,1.),(0.,1.),.PIECEWISE_BEZIER_KNOTS.);
#35=B_SPLINE_SURFACE_WITH_KNOTS('',3,1,((#4573,#4574),(#4575,#4576),(#4577,
#4578),(#4579,#4580)),.SURF_OF_LINEAR_EXTRUSION.,.F.,.F.,.F.,(4,4),(2,2),
(0.,1.),(0.,1.),.PIECEWISE_BEZIER_KNOTS.);
#36=B_SPLINE_SURFACE_WITH_KNOTS('',3,1,((#4583,#4584),(#4585,#4586),(#4587,
#4588),(#4589,#4590)),.SURF_OF_LINEAR_EXTRUSION.,.F.,.F.,.F.,(4,4),(2,2),
(0.,1.),(0.,1.),.PIECEWISE_BEZIER_KNOTS.);
#37=B_SPLINE_SURFACE_WITH_KNOTS('',3,1,((#4592,#4593),(#4594,#4595),(#4596,
#4597),(#4598,#4599)),.SURF_OF_LINEAR_EXTRUSION.,.F.,.F.,.F.,(4,4),(2,2),
(0.,1.),(0.,1.),.PIECEWISE_BEZIER_KNOTS.);
#38=B_SPLINE_SURFACE_WITH_KNOTS('',3,1,((#4601,#4602),(#4603,#4604),(#4605,
#4606),(#4607,#4608)),.SURF_OF_LINEAR_EXTRUSION.,.F.,.F.,.F.,(4,4),(2,2),
(0.,1.),(0.,1.),.PIECEWISE_BEZIER_KNOTS.);
#39=B_SPLINE_SURFACE_WITH_KNOTS('',3,1,((#4610,#4611),(#4612,#4613),(#4614,
#4615),(#4616,#4617)),.SURF_OF_LINEAR_EXTRUSION.,.F.,.F.,.F.,(4,4),(2,2),
(0.,1.),(0.,1.),.PIECEWISE_BEZIER_KNOTS.);
#40=B_SPLINE_SURFACE_WITH_KNOTS('',3,1,((#4619,#4620),(#4621,#4622),(#4623,
#4624),(#4625,#4626)),.SURF_OF_LINEAR_EXTRUSION.,.F.,.F.,.F.,(4,4),(2,2),
(0.,1.),(0.,1.),.PIECEWISE_BEZIER_KNOTS.);
#41=B_SPLINE_SURFACE_WITH_KNOTS('',3,1,((#4628,#4629),(#4630,#4631),(#4632,
#4633),(#4634,#4635)),.SURF_OF_LINEAR_EXTRUSION.,.F.,.F.,.F.,(4,4),(2,2),
(0.,1.),(0.,1.),.PIECEWISE_BEZIER_KNOTS.);
#42=B_SPLINE_SURFACE_WITH_KNOTS('',3,1,((#4637,#4638),(#4639,#4640),(#4641,
#4642),(#4643,#4644)),.SURF_OF_LINEAR_EXTRUSION.,.F.,.F.,.F.,(4,4),(2,2),
(0.,1.),(0.,1.),.PIECEWISE_BEZIER_KNOTS.);
#43=B_SPLINE_SURFACE_WITH_KNOTS('',3,1,((#4646,#4647),(#4648,#4649),(#4650,
#4651),(#4652,#4653)),.SURF_OF_LINEAR_EXTRUSION.,.F.,.F.,.F.,(4,4),(2,2),
(0.,1.),(0.,1.),.PIECEWISE_BEZIER_KNOTS.);
#44=B_SPLINE_SURFACE_WITH_KNOTS('',3,1,((#4657,#4658),(#4659,#4660),(#4661,
#4662),(#4663,#4664)),.SURF_OF_LINEAR_EXTRUSION.,.F.,.F.,.F.,(4,4),(2,2),
(0.,1.),(0.,1.),.PIECEWISE_BEZIER_KNOTS.);
#45=B_SPLINE_SURFACE_WITH_KNOTS('',3,1,((#4666,#4667),(#4668,#4669),(#4670,
#4671),(#4672,#4673)),.SURF_OF_LINEAR_EXTRUSION.,.F.,.F.,.F.,(4,4),(2,2),
(0.,1.),(0.,1.),.PIECEWISE_BEZIER_KNOTS.);
#46=B_SPLINE_SURFACE_WITH_KNOTS('',3,1,((#4675,#4676),(#4677,#4678),(#4679,
#4680),(#4681,#4682)),.SURF_OF_LINEAR_EXTRUSION.,.F.,.F.,.F.,(4,4),(2,2),
(0.,1.),(0.,1.),.PIECEWISE_BEZIER_KNOTS.);
#47=B_SPLINE_SURFACE_WITH_KNOTS('',3,1,((#4684,#4685),(#4686,#4687),(#4688,
#4689),(#4690,#4691)),.SURF_OF_LINEAR_EXTRUSION.,.F.,.F.,.F.,(4,4),(2,2),
(0.,1.),(0.,1.),.PIECEWISE_BEZIER_KNOTS.);
#48=B_SPLINE_SURFACE_WITH_KNOTS('',3,1,((#4693,#4694),(#4695,#4696),(#4697,
#4698),(#4699,#4700)),.SURF_OF_LINEAR_EXTRUSION.,.F.,.F.,.F.,(4,4),(2,2),
(0.,1.),(0.,1.),.PIECEWISE_BEZIER_KNOTS.);
#49=B_SPLINE_SURFACE_WITH_KNOTS('',3,1,((#4702,#4703),(#4704,#4705),(#4706,
#4707),(#4708,#4709)),.SURF_OF_LINEAR_EXTRUSION.,.F.,.F.,.F.,(4,4),(2,2),
(0.,1.),(0.,1.),.PIECEWISE_BEZIER_KNOTS.);
#50=B_SPLINE_SURFACE_WITH_KNOTS('',3,1,((#4711,#4712),(#4713,#4714),(#4715,
#4716),(#4717,#4718)),.SURF_OF_LINEAR_EXTRUSION.,.F.,.F.,.F.,(4,4),(2,2),
(0.,1.),(0.,1.),.PIECEWISE_BEZIER_KNOTS.);
#51=B_SPLINE_SURFACE_WITH_KNOTS('',3,1,((#4720,#4721),(#4722,#4723),(#4724,
#4725),(#4726,#4727)),.SURF_OF_LINEAR_EXTRUSION.,.F.,.F.,.F.,(4,4),(2,2),
(0.,1.),(0.,1.),.PIECEWISE_BEZIER_KNOTS.);
#52=B_SPLINE_SURFACE_WITH_KNOTS('',3,1,((#4729,#4730),(#4731,#4732),(#4733,
#4734),(#4735,#4736)),.SURF_OF_LINEAR_EXTRUSION.,.F.,.F.,.F.,(4,4),(2,2),
(0.,1.),(0.,1.),.PIECEWISE_BEZIER_KNOTS.);
#53=B_SPLINE_SURFACE_WITH_KNOTS('',3,1,((#4738,#4739),(#4740,#4741),(#4742,
#4743),(#4744,#4745)),.SURF_OF_LINEAR_EXTRUSION.,.F.,.F.,.F.,(4,4),(2,2),
(0.,1.),(0.,1.),.PIECEWISE_BEZIER_KNOTS.);
#54=B_SPLINE_SURFACE_WITH_KNOTS('',3,1,((#4753,#4754),(#4755,#4756),(#4757,
#4758),(#4759,#4760)),.SURF_OF_LINEAR_EXTRUSION.,.F.,.F.,.F.,(4,4),(2,2),
(0.,1.),(0.,1.),.PIECEWISE_BEZIER_KNOTS.);
#55=B_SPLINE_SURFACE_WITH_KNOTS('',3,1,((#4762,#4763),(#4764,#4765),(#4766,
#4767),(#4768,#4769)),.SURF_OF_LINEAR_EXTRUSION.,.F.,.F.,.F.,(4,4),(2,2),
(0.,1.),(0.,1.),.PIECEWISE_BEZIER_KNOTS.);
#56=CYLINDRICAL_SURFACE('',#2844,0.0345);
#57=CYLINDRICAL_SURFACE('',#2850,0.0345);
#58=CYLINDRICAL_SURFACE('',#2853,0.0345);
#59=CYLINDRICAL_SURFACE('',#2863,0.101859472049738);
#60=CYLINDRICAL_SURFACE('',#2870,0.0352920479760646);
#61=CYLINDRICAL_SURFACE('',#2874,0.00669343330582191);
#62=CYLINDRICAL_SURFACE('',#2875,0.00702443020950382);
#63=CYLINDRICAL_SURFACE('',#2901,0.101859472050546);
#64=CYLINDRICAL_SURFACE('',#2908,0.0352920479760531);
#65=CYLINDRICAL_SURFACE('',#2932,0.00669343331023856);
#66=CYLINDRICAL_SURFACE('',#2933,0.00702443020950283);
#67=CIRCLE('',#2820,0.101859472050546);
#68=CIRCLE('',#2821,0.0352920479760531);
#69=CIRCLE('',#2822,0.00669343330582191);
#70=CIRCLE('',#2823,0.00702443020950382);
#71=CIRCLE('',#2824,0.0345);
#72=CIRCLE('',#2825,0.0345);
#73=CIRCLE('',#2826,0.0345);
#74=CIRCLE('',#2827,0.101859472049738);
#75=CIRCLE('',#2828,0.0352920479760646);
#76=CIRCLE('',#2829,0.00669343331023856);
#77=CIRCLE('',#2830,0.00702443020950283);
#78=CIRCLE('',#2832,0.0352920479760531);
#79=CIRCLE('',#2833,0.101859472050546);
#80=CIRCLE('',#2834,0.0345);
#81=CIRCLE('',#2835,0.0345);
#82=CIRCLE('',#2836,0.0345);
#83=CIRCLE('',#2837,0.0352920479760646);
#84=CIRCLE('',#2838,0.101859472049738);
#85=CIRCLE('',#2839,0.00702443020950382);
#86=CIRCLE('',#2840,0.00669343330582191);
#87=CIRCLE('',#2841,0.00702443020950283);
#88=CIRCLE('',#2842,0.00669343331023856);
#89=B_SPLINE_CURVE_WITH_KNOTS('',2,(#3494,#3495,#3496),.UNSPECIFIED.,.F.,
 .F.,(3,3),(0.,1.),.PIECEWISE_BEZIER_KNOTS.);
#90=B_SPLINE_CURVE_WITH_KNOTS('',2,(#3525,#3526,#3527),.UNSPECIFIED.,.F.,
 .F.,(3,3),(0.,1.),.PIECEWISE_BEZIER_KNOTS.);
#91=B_SPLINE_CURVE_WITH_KNOTS('',2,(#3530,#3531,#3532),.UNSPECIFIED.,.F.,
 .F.,(3,3),(0.,1.),.PIECEWISE_BEZIER_KNOTS.);
#92=B_SPLINE_CURVE_WITH_KNOTS('',2,(#3534,#3535,#3536),.UNSPECIFIED.,.F.,
 .F.,(3,3),(0.,1.),.PIECEWISE_BEZIER_KNOTS.);
#93=B_SPLINE_CURVE_WITH_KNOTS('',2,(#3538,#3539,#3540),.UNSPECIFIED.,.F.,
 .F.,(3,3),(0.,1.),.PIECEWISE_BEZIER_KNOTS.);
#94=B_SPLINE_CURVE_WITH_KNOTS('',2,(#3542,#3543,#3544),.UNSPECIFIED.,.F.,
 .F.,(3,3),(0.,1.),.PIECEWISE_BEZIER_KNOTS.);
#95=B_SPLINE_CURVE_WITH_KNOTS('',2,(#3546,#3547,#3548),.UNSPECIFIED.,.F.,
 .F.,(3,3),(0.,1.),.PIECEWISE_BEZIER_KNOTS.);
#96=B_SPLINE_CURVE_WITH_KNOTS('',2,(#3550,#3551,#3552),.UNSPECIFIED.,.F.,
 .F.,(3,3),(0.,1.),.PIECEWISE_BEZIER_KNOTS.);
#97=B_SPLINE_CURVE_WITH_KNOTS('',2,(#3554,#3555,#3556),.UNSPECIFIED.,.F.,
 .F.,(3,3),(0.,1.),.PIECEWISE_BEZIER_KNOTS.);
#98=B_SPLINE_CURVE_WITH_KNOTS('',2,(#3558,#3559,#3560),.UNSPECIFIED.,.F.,
 .F.,(3,3),(0.,1.),.PIECEWISE_BEZIER_KNOTS.);
#99=B_SPLINE_CURVE_WITH_KNOTS('',2,(#3564,#3565,#3566),.UNSPECIFIED.,.F.,
 .F.,(3,3),(0.,1.),.PIECEWISE_BEZIER_KNOTS.);
#100=B_SPLINE_CURVE_WITH_KNOTS('',2,(#3568,#3569,#3570),.UNSPECIFIED.,.F.,
 .F.,(3,3),(0.,1.),.PIECEWISE_BEZIER_KNOTS.);
#101=B_SPLINE_CURVE_WITH_KNOTS('',2,(#3572,#3573,#3574),.UNSPECIFIED.,.F.,
 .F.,(3,3),(0.,1.),.PIECEWISE_BEZIER_KNOTS.);
#102=B_SPLINE_CURVE_WITH_KNOTS('',2,(#3576,#3577,#3578),.UNSPECIFIED.,.F.,
 .F.,(3,3),(0.,1.),.PIECEWISE_BEZIER_KNOTS.);
#103=B_SPLINE_CURVE_WITH_KNOTS('',2,(#3580,#3581,#3582),.UNSPECIFIED.,.F.,
 .F.,(3,3),(0.,1.),.PIECEWISE_BEZIER_KNOTS.);
#104=B_SPLINE_CURVE_WITH_KNOTS('',2,(#3584,#3585,#3586),.UNSPECIFIED.,.F.,
 .F.,(3,3),(0.,1.),.PIECEWISE_BEZIER_KNOTS.);
#105=B_SPLINE_CURVE_WITH_KNOTS('',2,(#3588,#3589,#3590),.UNSPECIFIED.,.F.,
 .F.,(3,3),(0.,1.),.PIECEWISE_BEZIER_KNOTS.);
#106=B_SPLINE_CURVE_WITH_KNOTS('',2,(#3592,#3593,#3594),.UNSPECIFIED.,.F.,
 .F.,(3,3),(0.,1.),.PIECEWISE_BEZIER_KNOTS.);
#107=B_SPLINE_CURVE_WITH_KNOTS('',2,(#3596,#3597,#3598),.UNSPECIFIED.,.F.,
 .F.,(3,3),(0.,1.),.PIECEWISE_BEZIER_KNOTS.);
#108=B_SPLINE_CURVE_WITH_KNOTS('',2,(#3600,#3601,#3602),.UNSPECIFIED.,.F.,
 .F.,(3,3),(0.,1.),.PIECEWISE_BEZIER_KNOTS.);
#109=B_SPLINE_CURVE_WITH_KNOTS('',2,(#3610,#3611,#3612),.UNSPECIFIED.,.F.,
 .F.,(3,3),(0.,1.),.PIECEWISE_BEZIER_KNOTS.);
#110=B_SPLINE_CURVE_WITH_KNOTS('',2,(#3614,#3615,#3616),.UNSPECIFIED.,.F.,
 .F.,(3,3),(0.,1.),.PIECEWISE_BEZIER_KNOTS.);
#111=B_SPLINE_CURVE_WITH_KNOTS('',2,(#3658,#3659,#3660),.UNSPECIFIED.,.F.,
 .F.,(3,3),(0.,1.),.PIECEWISE_BEZIER_KNOTS.);
#112=B_SPLINE_CURVE_WITH_KNOTS('',2,(#3737,#3738,#3739),.UNSPECIFIED.,.F.,
 .F.,(3,3),(0.,1.),.PIECEWISE_BEZIER_KNOTS.);
#113=B_SPLINE_CURVE_WITH_KNOTS('',2,(#3742,#3743,#3744),.UNSPECIFIED.,.F.,
 .F.,(3,3),(0.,1.),.PIECEWISE_BEZIER_KNOTS.);
#114=B_SPLINE_CURVE_WITH_KNOTS('',2,(#3746,#3747,#3748),.UNSPECIFIED.,.F.,
 .F.,(3,3),(0.,1.),.PIECEWISE_BEZIER_KNOTS.);
#115=B_SPLINE_CURVE_WITH_KNOTS('',2,(#3750,#3751,#3752),.UNSPECIFIED.,.F.,
 .F.,(3,3),(0.,1.),.PIECEWISE_BEZIER_KNOTS.);
#116=B_SPLINE_CURVE_WITH_KNOTS('',2,(#3754,#3755,#3756),.UNSPECIFIED.,.F.,
 .F.,(3,3),(0.,1.),.PIECEWISE_BEZIER_KNOTS.);
#117=B_SPLINE_CURVE_WITH_KNOTS('',2,(#3758,#3759,#3760),.UNSPECIFIED.,.F.,
 .F.,(3,3),(0.,1.),.PIECEWISE_BEZIER_KNOTS.);
#118=B_SPLINE_CURVE_WITH_KNOTS('',2,(#3762,#3763,#3764),.UNSPECIFIED.,.F.,
 .F.,(3,3),(0.,1.),.PIECEWISE_BEZIER_KNOTS.);
#119=B_SPLINE_CURVE_WITH_KNOTS('',2,(#3766,#3767,#3768),.UNSPECIFIED.,.F.,
 .F.,(3,3),(0.,1.),.PIECEWISE_BEZIER_KNOTS.);
#120=B_SPLINE_CURVE_WITH_KNOTS('',2,(#3770,#3771,#3772),.UNSPECIFIED.,.F.,
 .F.,(3,3),(0.,1.),.PIECEWISE_BEZIER_KNOTS.);
#121=B_SPLINE_CURVE_WITH_KNOTS('',2,(#3776,#3777,#3778),.UNSPECIFIED.,.F.,
 .F.,(3,3),(0.,1.),.PIECEWISE_BEZIER_KNOTS.);
#122=B_SPLINE_CURVE_WITH_KNOTS('',2,(#3780,#3781,#3782),.UNSPECIFIED.,.F.,
 .F.,(3,3),(0.,1.),.PIECEWISE_BEZIER_KNOTS.);
#123=B_SPLINE_CURVE_WITH_KNOTS('',2,(#3784,#3785,#3786),.UNSPECIFIED.,.F.,
 .F.,(3,3),(0.,1.),.PIECEWISE_BEZIER_KNOTS.);
#124=B_SPLINE_CURVE_WITH_KNOTS('',2,(#3788,#3789,#3790),.UNSPECIFIED.,.F.,
 .F.,(3,3),(0.,1.),.PIECEWISE_BEZIER_KNOTS.);
#125=B_SPLINE_CURVE_WITH_KNOTS('',2,(#3792,#3793,#3794),.UNSPECIFIED.,.F.,
 .F.,(3,3),(0.,1.),.PIECEWISE_BEZIER_KNOTS.);
#126=B_SPLINE_CURVE_WITH_KNOTS('',2,(#3796,#3797,#3798),.UNSPECIFIED.,.F.,
 .F.,(3,3),(0.,1.),.PIECEWISE_BEZIER_KNOTS.);
#127=B_SPLINE_CURVE_WITH_KNOTS('',2,(#3800,#3801,#3802),.UNSPECIFIED.,.F.,
 .F.,(3,3),(0.,1.),.PIECEWISE_BEZIER_KNOTS.);
#128=B_SPLINE_CURVE_WITH_KNOTS('',2,(#3804,#3805,#3806),.UNSPECIFIED.,.F.,
 .F.,(3,3),(0.,1.),.PIECEWISE_BEZIER_KNOTS.);
#129=B_SPLINE_CURVE_WITH_KNOTS('',2,(#3808,#3809,#3810),.UNSPECIFIED.,.F.,
 .F.,(3,3),(0.,1.),.PIECEWISE_BEZIER_KNOTS.);
#130=B_SPLINE_CURVE_WITH_KNOTS('',2,(#3812,#3813,#3814),.UNSPECIFIED.,.F.,
 .F.,(3,3),(0.,1.),.PIECEWISE_BEZIER_KNOTS.);
#131=B_SPLINE_CURVE_WITH_KNOTS('',2,(#3822,#3823,#3824),.UNSPECIFIED.,.F.,
 .F.,(3,3),(0.,1.),.PIECEWISE_BEZIER_KNOTS.);
#132=B_SPLINE_CURVE_WITH_KNOTS('',2,(#3826,#3827,#3828),.UNSPECIFIED.,.F.,
 .F.,(3,3),(0.,1.),.PIECEWISE_BEZIER_KNOTS.);
#133=B_SPLINE_CURVE_WITH_KNOTS('',2,(#3879,#3880,#3881),.UNSPECIFIED.,.F.,
 .F.,(3,3),(0.,1.),.PIECEWISE_BEZIER_KNOTS.);
#134=B_SPLINE_CURVE_WITH_KNOTS('',2,(#3983,#3984,#3985),.UNSPECIFIED.,.F.,
 .F.,(3,3),(0.,1.),.PIECEWISE_BEZIER_KNOTS.);
#135=B_SPLINE_CURVE_WITH_KNOTS('',2,(#3990,#3991,#3992),.UNSPECIFIED.,.F.,
 .F.,(3,3),(0.,1.),.PIECEWISE_BEZIER_KNOTS.);
#136=B_SPLINE_CURVE_WITH_KNOTS('',2,(#3995,#3996,#3997),.UNSPECIFIED.,.F.,
 .F.,(3,3),(0.,1.),.PIECEWISE_BEZIER_KNOTS.);
#137=B_SPLINE_CURVE_WITH_KNOTS('',2,(#3999,#4000,#4001),.UNSPECIFIED.,.F.,
 .F.,(3,3),(0.,1.),.PIECEWISE_BEZIER_KNOTS.);
#138=B_SPLINE_CURVE_WITH_KNOTS('',2,(#4003,#4004,#4005),.UNSPECIFIED.,.F.,
 .F.,(3,3),(0.,1.),.PIECEWISE_BEZIER_KNOTS.);
#139=B_SPLINE_CURVE_WITH_KNOTS('',2,(#4013,#4014,#4015),.UNSPECIFIED.,.F.,
 .F.,(3,3),(0.,1.),.PIECEWISE_BEZIER_KNOTS.);
#140=B_SPLINE_CURVE_WITH_KNOTS('',2,(#4017,#4018,#4019),.UNSPECIFIED.,.F.,
 .F.,(3,3),(0.,1.),.PIECEWISE_BEZIER_KNOTS.);
#141=B_SPLINE_CURVE_WITH_KNOTS('',2,(#4021,#4022,#4023),.UNSPECIFIED.,.F.,
 .F.,(3,3),(0.,1.),.PIECEWISE_BEZIER_KNOTS.);
#142=B_SPLINE_CURVE_WITH_KNOTS('',2,(#4025,#4026,#4027),.UNSPECIFIED.,.F.,
 .F.,(3,3),(0.,1.),.PIECEWISE_BEZIER_KNOTS.);
#143=B_SPLINE_CURVE_WITH_KNOTS('',2,(#4029,#4030,#4031),.UNSPECIFIED.,.F.,
 .F.,(3,3),(0.,1.),.PIECEWISE_BEZIER_KNOTS.);
#144=B_SPLINE_CURVE_WITH_KNOTS('',2,(#4033,#4034,#4035),.UNSPECIFIED.,.F.,
 .F.,(3,3),(0.,1.),.PIECEWISE_BEZIER_KNOTS.);
#145=B_SPLINE_CURVE_WITH_KNOTS('',2,(#4037,#4038,#4039),.UNSPECIFIED.,.F.,
 .F.,(3,3),(0.,1.),.PIECEWISE_BEZIER_KNOTS.);
#146=B_SPLINE_CURVE_WITH_KNOTS('',2,(#4041,#4042,#4043),.UNSPECIFIED.,.F.,
 .F.,(3,3),(0.,1.),.PIECEWISE_BEZIER_KNOTS.);
#147=B_SPLINE_CURVE_WITH_KNOTS('',2,(#4045,#4046,#4047),.UNSPECIFIED.,.F.,
 .F.,(3,3),(0.,1.),.PIECEWISE_BEZIER_KNOTS.);
#148=B_SPLINE_CURVE_WITH_KNOTS('',2,(#4049,#4050,#4051),.UNSPECIFIED.,.F.,
 .F.,(3,3),(0.,1.),.PIECEWISE_BEZIER_KNOTS.);
#149=B_SPLINE_CURVE_WITH_KNOTS('',2,(#4055,#4056,#4057),.UNSPECIFIED.,.F.,
 .F.,(3,3),(0.,1.),.PIECEWISE_BEZIER_KNOTS.);
#150=B_SPLINE_CURVE_WITH_KNOTS('',2,(#4059,#4060,#4061),.UNSPECIFIED.,.F.,
 .F.,(3,3),(0.,1.),.PIECEWISE_BEZIER_KNOTS.);
#151=B_SPLINE_CURVE_WITH_KNOTS('',2,(#4063,#4064,#4065),.UNSPECIFIED.,.F.,
 .F.,(3,3),(0.,1.),.PIECEWISE_BEZIER_KNOTS.);
#152=B_SPLINE_CURVE_WITH_KNOTS('',2,(#4067,#4068,#4069),.UNSPECIFIED.,.F.,
 .F.,(3,3),(0.,1.),.PIECEWISE_BEZIER_KNOTS.);
#153=B_SPLINE_CURVE_WITH_KNOTS('',2,(#4071,#4072,#4073),.UNSPECIFIED.,.F.,
 .F.,(3,3),(0.,1.),.PIECEWISE_BEZIER_KNOTS.);
#154=B_SPLINE_CURVE_WITH_KNOTS('',2,(#4075,#4076,#4077),.UNSPECIFIED.,.F.,
 .F.,(3,3),(0.,1.),.PIECEWISE_BEZIER_KNOTS.);
#155=B_SPLINE_CURVE_WITH_KNOTS('',2,(#4079,#4080,#4081),.UNSPECIFIED.,.F.,
 .F.,(3,3),(0.,1.),.PIECEWISE_BEZIER_KNOTS.);
#156=B_SPLINE_CURVE_WITH_KNOTS('',2,(#4098,#4099,#4100),.UNSPECIFIED.,.F.,
 .F.,(3,3),(0.,1.),.PIECEWISE_BEZIER_KNOTS.);
#157=B_SPLINE_CURVE_WITH_KNOTS('',2,(#4103,#4104,#4105),.UNSPECIFIED.,.F.,
 .F.,(3,3),(0.,1.),.PIECEWISE_BEZIER_KNOTS.);
#158=B_SPLINE_CURVE_WITH_KNOTS('',2,(#4107,#4108,#4109),.UNSPECIFIED.,.F.,
 .F.,(3,3),(0.,1.),.PIECEWISE_BEZIER_KNOTS.);
#159=B_SPLINE_CURVE_WITH_KNOTS('',2,(#4111,#4112,#4113),.UNSPECIFIED.,.F.,
 .F.,(3,3),(0.,1.),.PIECEWISE_BEZIER_KNOTS.);
#160=B_SPLINE_CURVE_WITH_KNOTS('',2,(#4121,#4122,#4123),.UNSPECIFIED.,.F.,
 .F.,(3,3),(0.,1.),.PIECEWISE_BEZIER_KNOTS.);
#161=B_SPLINE_CURVE_WITH_KNOTS('',2,(#4125,#4126,#4127),.UNSPECIFIED.,.F.,
 .F.,(3,3),(0.,1.),.PIECEWISE_BEZIER_KNOTS.);
#162=B_SPLINE_CURVE_WITH_KNOTS('',2,(#4129,#4130,#4131),.UNSPECIFIED.,.F.,
 .F.,(3,3),(0.,1.),.PIECEWISE_BEZIER_KNOTS.);
#163=B_SPLINE_CURVE_WITH_KNOTS('',2,(#4133,#4134,#4135),.UNSPECIFIED.,.F.,
 .F.,(3,3),(0.,1.),.PIECEWISE_BEZIER_KNOTS.);
#164=B_SPLINE_CURVE_WITH_KNOTS('',2,(#4137,#4138,#4139),.UNSPECIFIED.,.F.,
 .F.,(3,3),(0.,1.),.PIECEWISE_BEZIER_KNOTS.);
#165=B_SPLINE_CURVE_WITH_KNOTS('',2,(#4141,#4142,#4143),.UNSPECIFIED.,.F.,
 .F.,(3,3),(0.,1.),.PIECEWISE_BEZIER_KNOTS.);
#166=B_SPLINE_CURVE_WITH_KNOTS('',2,(#4145,#4146,#4147),.UNSPECIFIED.,.F.,
 .F.,(3,3),(0.,1.),.PIECEWISE_BEZIER_KNOTS.);
#167=B_SPLINE_CURVE_WITH_KNOTS('',2,(#4149,#4150,#4151),.UNSPECIFIED.,.F.,
 .F.,(3,3),(0.,1.),.PIECEWISE_BEZIER_KNOTS.);
#168=B_SPLINE_CURVE_WITH_KNOTS('',2,(#4153,#4154,#4155),.UNSPECIFIED.,.F.,
 .F.,(3,3),(0.,1.),.PIECEWISE_BEZIER_KNOTS.);
#169=B_SPLINE_CURVE_WITH_KNOTS('',2,(#4157,#4158,#4159),.UNSPECIFIED.,.F.,
 .F.,(3,3),(0.,1.),.PIECEWISE_BEZIER_KNOTS.);
#170=B_SPLINE_CURVE_WITH_KNOTS('',2,(#4163,#4164,#4165),.UNSPECIFIED.,.F.,
 .F.,(3,3),(0.,1.),.PIECEWISE_BEZIER_KNOTS.);
#171=B_SPLINE_CURVE_WITH_KNOTS('',2,(#4167,#4168,#4169),.UNSPECIFIED.,.F.,
 .F.,(3,3),(0.,1.),.PIECEWISE_BEZIER_KNOTS.);
#172=B_SPLINE_CURVE_WITH_KNOTS('',2,(#4171,#4172,#4173),.UNSPECIFIED.,.F.,
 .F.,(3,3),(0.,1.),.PIECEWISE_BEZIER_KNOTS.);
#173=B_SPLINE_CURVE_WITH_KNOTS('',2,(#4175,#4176,#4177),.UNSPECIFIED.,.F.,
 .F.,(3,3),(0.,1.),.PIECEWISE_BEZIER_KNOTS.);
#174=B_SPLINE_CURVE_WITH_KNOTS('',2,(#4179,#4180,#4181),.UNSPECIFIED.,.F.,
 .F.,(3,3),(0.,1.),.PIECEWISE_BEZIER_KNOTS.);
#175=B_SPLINE_CURVE_WITH_KNOTS('',2,(#4183,#4184,#4185),.UNSPECIFIED.,.F.,
 .F.,(3,3),(0.,1.),.PIECEWISE_BEZIER_KNOTS.);
#176=B_SPLINE_CURVE_WITH_KNOTS('',2,(#4187,#4188,#4189),.UNSPECIFIED.,.F.,
 .F.,(3,3),(0.,1.),.PIECEWISE_BEZIER_KNOTS.);
#177=ORIENTED_EDGE('',*,*,#993,.F.);
#178=ORIENTED_EDGE('',*,*,#994,.F.);
#179=ORIENTED_EDGE('',*,*,#995,.F.);
#180=ORIENTED_EDGE('',*,*,#996,.F.);
#181=ORIENTED_EDGE('',*,*,#997,.F.);
#182=ORIENTED_EDGE('',*,*,#998,.F.);
#183=ORIENTED_EDGE('',*,*,#999,.F.);
#184=ORIENTED_EDGE('',*,*,#1000,.F.);
#185=ORIENTED_EDGE('',*,*,#1001,.F.);
#186=ORIENTED_EDGE('',*,*,#1002,.F.);
#187=ORIENTED_EDGE('',*,*,#1003,.F.);
#188=ORIENTED_EDGE('',*,*,#1004,.F.);
#189=ORIENTED_EDGE('',*,*,#1005,.F.);
#190=ORIENTED_EDGE('',*,*,#1006,.F.);
#191=ORIENTED_EDGE('',*,*,#1007,.F.);
#192=ORIENTED_EDGE('',*,*,#1008,.F.);
#193=ORIENTED_EDGE('',*,*,#1009,.F.);
#194=ORIENTED_EDGE('',*,*,#1010,.F.);
#195=ORIENTED_EDGE('',*,*,#1011,.F.);
#196=ORIENTED_EDGE('',*,*,#1012,.F.);
#197=ORIENTED_EDGE('',*,*,#1013,.F.);
#198=ORIENTED_EDGE('',*,*,#1014,.F.);
#199=ORIENTED_EDGE('',*,*,#1015,.F.);
#200=ORIENTED_EDGE('',*,*,#1016,.F.);
#201=ORIENTED_EDGE('',*,*,#1017,.F.);
#202=ORIENTED_EDGE('',*,*,#1018,.F.);
#203=ORIENTED_EDGE('',*,*,#1019,.F.);
#204=ORIENTED_EDGE('',*,*,#1020,.F.);
#205=ORIENTED_EDGE('',*,*,#1021,.F.);
#206=ORIENTED_EDGE('',*,*,#1022,.F.);
#207=ORIENTED_EDGE('',*,*,#1023,.F.);
#208=ORIENTED_EDGE('',*,*,#1024,.F.);
#209=ORIENTED_EDGE('',*,*,#1025,.F.);
#210=ORIENTED_EDGE('',*,*,#1026,.F.);
#211=ORIENTED_EDGE('',*,*,#1027,.F.);
#212=ORIENTED_EDGE('',*,*,#1028,.F.);
#213=ORIENTED_EDGE('',*,*,#1029,.F.);
#214=ORIENTED_EDGE('',*,*,#1030,.F.);
#215=ORIENTED_EDGE('',*,*,#1031,.F.);
#216=ORIENTED_EDGE('',*,*,#1032,.F.);
#217=ORIENTED_EDGE('',*,*,#1033,.F.);
#218=ORIENTED_EDGE('',*,*,#1034,.F.);
#219=ORIENTED_EDGE('',*,*,#1035,.F.);
#220=ORIENTED_EDGE('',*,*,#1036,.F.);
#221=ORIENTED_EDGE('',*,*,#1037,.F.);
#222=ORIENTED_EDGE('',*,*,#1038,.F.);
#223=ORIENTED_EDGE('',*,*,#1039,.F.);
#224=ORIENTED_EDGE('',*,*,#1040,.F.);
#225=ORIENTED_EDGE('',*,*,#1041,.F.);
#226=ORIENTED_EDGE('',*,*,#1042,.F.);
#227=ORIENTED_EDGE('',*,*,#1043,.F.);
#228=ORIENTED_EDGE('',*,*,#1044,.F.);
#229=ORIENTED_EDGE('',*,*,#1045,.F.);
#230=ORIENTED_EDGE('',*,*,#1046,.F.);
#231=ORIENTED_EDGE('',*,*,#1047,.F.);
#232=ORIENTED_EDGE('',*,*,#1048,.F.);
#233=ORIENTED_EDGE('',*,*,#1049,.T.);
#234=ORIENTED_EDGE('',*,*,#1050,.T.);
#235=ORIENTED_EDGE('',*,*,#1051,.T.);
#236=ORIENTED_EDGE('',*,*,#1052,.T.);
#237=ORIENTED_EDGE('',*,*,#1053,.T.);
#238=ORIENTED_EDGE('',*,*,#1054,.T.);
#239=ORIENTED_EDGE('',*,*,#1055,.T.);
#240=ORIENTED_EDGE('',*,*,#1056,.T.);
#241=ORIENTED_EDGE('',*,*,#1057,.T.);
#242=ORIENTED_EDGE('',*,*,#1058,.T.);
#243=ORIENTED_EDGE('',*,*,#1059,.T.);
#244=ORIENTED_EDGE('',*,*,#1060,.T.);
#245=ORIENTED_EDGE('',*,*,#1061,.F.);
#246=ORIENTED_EDGE('',*,*,#1062,.F.);
#247=ORIENTED_EDGE('',*,*,#1063,.F.);
#248=ORIENTED_EDGE('',*,*,#1064,.F.);
#249=ORIENTED_EDGE('',*,*,#1065,.F.);
#250=ORIENTED_EDGE('',*,*,#1066,.F.);
#251=ORIENTED_EDGE('',*,*,#1067,.F.);
#252=ORIENTED_EDGE('',*,*,#1068,.F.);
#253=ORIENTED_EDGE('',*,*,#1069,.F.);
#254=ORIENTED_EDGE('',*,*,#1070,.F.);
#255=ORIENTED_EDGE('',*,*,#1071,.F.);
#256=ORIENTED_EDGE('',*,*,#1072,.F.);
#257=ORIENTED_EDGE('',*,*,#1073,.F.);
#258=ORIENTED_EDGE('',*,*,#1074,.F.);
#259=ORIENTED_EDGE('',*,*,#1075,.F.);
#260=ORIENTED_EDGE('',*,*,#1076,.F.);
#261=ORIENTED_EDGE('',*,*,#1077,.F.);
#262=ORIENTED_EDGE('',*,*,#1078,.F.);
#263=ORIENTED_EDGE('',*,*,#1079,.F.);
#264=ORIENTED_EDGE('',*,*,#1080,.F.);
#265=ORIENTED_EDGE('',*,*,#1081,.F.);
#266=ORIENTED_EDGE('',*,*,#1082,.F.);
#267=ORIENTED_EDGE('',*,*,#1083,.F.);
#268=ORIENTED_EDGE('',*,*,#1084,.F.);
#269=ORIENTED_EDGE('',*,*,#1085,.F.);
#270=ORIENTED_EDGE('',*,*,#1086,.F.);
#271=ORIENTED_EDGE('',*,*,#1087,.F.);
#272=ORIENTED_EDGE('',*,*,#1088,.F.);
#273=ORIENTED_EDGE('',*,*,#1089,.F.);
#274=ORIENTED_EDGE('',*,*,#1090,.F.);
#275=ORIENTED_EDGE('',*,*,#1091,.F.);
#276=ORIENTED_EDGE('',*,*,#1092,.F.);
#277=ORIENTED_EDGE('',*,*,#1093,.F.);
#278=ORIENTED_EDGE('',*,*,#1094,.F.);
#279=ORIENTED_EDGE('',*,*,#1095,.F.);
#280=ORIENTED_EDGE('',*,*,#1096,.F.);
#281=ORIENTED_EDGE('',*,*,#1097,.F.);
#282=ORIENTED_EDGE('',*,*,#1098,.F.);
#283=ORIENTED_EDGE('',*,*,#1099,.F.);
#284=ORIENTED_EDGE('',*,*,#1100,.F.);
#285=ORIENTED_EDGE('',*,*,#1101,.F.);
#286=ORIENTED_EDGE('',*,*,#1102,.F.);
#287=ORIENTED_EDGE('',*,*,#1103,.F.);
#288=ORIENTED_EDGE('',*,*,#1104,.F.);
#289=ORIENTED_EDGE('',*,*,#1105,.F.);
#290=ORIENTED_EDGE('',*,*,#1106,.F.);
#291=ORIENTED_EDGE('',*,*,#1107,.F.);
#292=ORIENTED_EDGE('',*,*,#1108,.F.);
#293=ORIENTED_EDGE('',*,*,#1109,.F.);
#294=ORIENTED_EDGE('',*,*,#1110,.F.);
#295=ORIENTED_EDGE('',*,*,#1111,.F.);
#296=ORIENTED_EDGE('',*,*,#1112,.F.);
#297=ORIENTED_EDGE('',*,*,#1113,.F.);
#298=ORIENTED_EDGE('',*,*,#1114,.F.);
#299=ORIENTED_EDGE('',*,*,#1115,.F.);
#300=ORIENTED_EDGE('',*,*,#1116,.F.);
#301=ORIENTED_EDGE('',*,*,#1117,.F.);
#302=ORIENTED_EDGE('',*,*,#1118,.F.);
#303=ORIENTED_EDGE('',*,*,#1119,.F.);
#304=ORIENTED_EDGE('',*,*,#1120,.F.);
#305=ORIENTED_EDGE('',*,*,#1121,.F.);
#306=ORIENTED_EDGE('',*,*,#1122,.F.);
#307=ORIENTED_EDGE('',*,*,#1123,.F.);
#308=ORIENTED_EDGE('',*,*,#1124,.F.);
#309=ORIENTED_EDGE('',*,*,#1125,.F.);
#310=ORIENTED_EDGE('',*,*,#1126,.F.);
#311=ORIENTED_EDGE('',*,*,#1127,.F.);
#312=ORIENTED_EDGE('',*,*,#1128,.F.);
#313=ORIENTED_EDGE('',*,*,#1129,.T.);
#314=ORIENTED_EDGE('',*,*,#1130,.T.);
#315=ORIENTED_EDGE('',*,*,#1131,.T.);
#316=ORIENTED_EDGE('',*,*,#1132,.T.);
#317=ORIENTED_EDGE('',*,*,#1133,.T.);
#318=ORIENTED_EDGE('',*,*,#1134,.T.);
#319=ORIENTED_EDGE('',*,*,#1135,.T.);
#320=ORIENTED_EDGE('',*,*,#1136,.T.);
#321=ORIENTED_EDGE('',*,*,#1137,.T.);
#322=ORIENTED_EDGE('',*,*,#1138,.T.);
#323=ORIENTED_EDGE('',*,*,#1139,.T.);
#324=ORIENTED_EDGE('',*,*,#1140,.T.);
#325=ORIENTED_EDGE('',*,*,#1141,.T.);
#326=ORIENTED_EDGE('',*,*,#1142,.T.);
#327=ORIENTED_EDGE('',*,*,#1143,.T.);
#328=ORIENTED_EDGE('',*,*,#1144,.T.);
#329=ORIENTED_EDGE('',*,*,#1145,.T.);
#330=ORIENTED_EDGE('',*,*,#1146,.T.);
#331=ORIENTED_EDGE('',*,*,#1147,.T.);
#332=ORIENTED_EDGE('',*,*,#1148,.T.);
#333=ORIENTED_EDGE('',*,*,#1149,.T.);
#334=ORIENTED_EDGE('',*,*,#1150,.T.);
#335=ORIENTED_EDGE('',*,*,#1151,.T.);
#336=ORIENTED_EDGE('',*,*,#1152,.T.);
#337=ORIENTED_EDGE('',*,*,#1153,.T.);
#338=ORIENTED_EDGE('',*,*,#1154,.T.);
#339=ORIENTED_EDGE('',*,*,#1155,.T.);
#340=ORIENTED_EDGE('',*,*,#1156,.T.);
#341=ORIENTED_EDGE('',*,*,#1157,.T.);
#342=ORIENTED_EDGE('',*,*,#1158,.T.);
#343=ORIENTED_EDGE('',*,*,#1159,.T.);
#344=ORIENTED_EDGE('',*,*,#1160,.T.);
#345=ORIENTED_EDGE('',*,*,#1161,.T.);
#346=ORIENTED_EDGE('',*,*,#1162,.T.);
#347=ORIENTED_EDGE('',*,*,#1163,.T.);
#348=ORIENTED_EDGE('',*,*,#1164,.T.);
#349=ORIENTED_EDGE('',*,*,#1165,.T.);
#350=ORIENTED_EDGE('',*,*,#1166,.T.);
#351=ORIENTED_EDGE('',*,*,#1167,.T.);
#352=ORIENTED_EDGE('',*,*,#1168,.T.);
#353=ORIENTED_EDGE('',*,*,#1169,.T.);
#354=ORIENTED_EDGE('',*,*,#1170,.T.);
#355=ORIENTED_EDGE('',*,*,#1171,.T.);
#356=ORIENTED_EDGE('',*,*,#1172,.T.);
#357=ORIENTED_EDGE('',*,*,#1173,.T.);
#358=ORIENTED_EDGE('',*,*,#1174,.T.);
#359=ORIENTED_EDGE('',*,*,#1175,.T.);
#360=ORIENTED_EDGE('',*,*,#1176,.F.);
#361=ORIENTED_EDGE('',*,*,#1177,.F.);
#362=ORIENTED_EDGE('',*,*,#1178,.F.);
#363=ORIENTED_EDGE('',*,*,#1179,.F.);
#364=ORIENTED_EDGE('',*,*,#1180,.F.);
#365=ORIENTED_EDGE('',*,*,#1181,.F.);
#366=ORIENTED_EDGE('',*,*,#1182,.F.);
#367=ORIENTED_EDGE('',*,*,#1183,.F.);
#368=ORIENTED_EDGE('',*,*,#1184,.F.);
#369=ORIENTED_EDGE('',*,*,#1185,.F.);
#370=ORIENTED_EDGE('',*,*,#1186,.F.);
#371=ORIENTED_EDGE('',*,*,#1187,.F.);
#372=ORIENTED_EDGE('',*,*,#1188,.T.);
#373=ORIENTED_EDGE('',*,*,#1189,.T.);
#374=ORIENTED_EDGE('',*,*,#1190,.T.);
#375=ORIENTED_EDGE('',*,*,#1191,.T.);
#376=ORIENTED_EDGE('',*,*,#1192,.T.);
#377=ORIENTED_EDGE('',*,*,#1193,.T.);
#378=ORIENTED_EDGE('',*,*,#1194,.T.);
#379=ORIENTED_EDGE('',*,*,#1195,.T.);
#380=ORIENTED_EDGE('',*,*,#1196,.T.);
#381=ORIENTED_EDGE('',*,*,#1197,.T.);
#382=ORIENTED_EDGE('',*,*,#1198,.T.);
#383=ORIENTED_EDGE('',*,*,#1199,.T.);
#384=ORIENTED_EDGE('',*,*,#1200,.T.);
#385=ORIENTED_EDGE('',*,*,#1201,.T.);
#386=ORIENTED_EDGE('',*,*,#1202,.T.);
#387=ORIENTED_EDGE('',*,*,#1203,.T.);
#388=ORIENTED_EDGE('',*,*,#1204,.T.);
#389=ORIENTED_EDGE('',*,*,#1205,.T.);
#390=ORIENTED_EDGE('',*,*,#1206,.T.);
#391=ORIENTED_EDGE('',*,*,#1207,.T.);
#392=ORIENTED_EDGE('',*,*,#1208,.T.);
#393=ORIENTED_EDGE('',*,*,#1209,.T.);
#394=ORIENTED_EDGE('',*,*,#1210,.T.);
#395=ORIENTED_EDGE('',*,*,#1211,.T.);
#396=ORIENTED_EDGE('',*,*,#1212,.T.);
#397=ORIENTED_EDGE('',*,*,#1213,.T.);
#398=ORIENTED_EDGE('',*,*,#1214,.T.);
#399=ORIENTED_EDGE('',*,*,#1215,.T.);
#400=ORIENTED_EDGE('',*,*,#1216,.T.);
#401=ORIENTED_EDGE('',*,*,#1217,.T.);
#402=ORIENTED_EDGE('',*,*,#1218,.T.);
#403=ORIENTED_EDGE('',*,*,#1219,.T.);
#404=ORIENTED_EDGE('',*,*,#1220,.T.);
#405=ORIENTED_EDGE('',*,*,#1221,.T.);
#406=ORIENTED_EDGE('',*,*,#1222,.T.);
#407=ORIENTED_EDGE('',*,*,#1223,.T.);
#408=ORIENTED_EDGE('',*,*,#1224,.T.);
#409=ORIENTED_EDGE('',*,*,#1225,.T.);
#410=ORIENTED_EDGE('',*,*,#1226,.T.);
#411=ORIENTED_EDGE('',*,*,#1227,.T.);
#412=ORIENTED_EDGE('',*,*,#1228,.T.);
#413=ORIENTED_EDGE('',*,*,#1229,.T.);
#414=ORIENTED_EDGE('',*,*,#1230,.T.);
#415=ORIENTED_EDGE('',*,*,#1231,.T.);
#416=ORIENTED_EDGE('',*,*,#1232,.T.);
#417=ORIENTED_EDGE('',*,*,#1233,.T.);
#418=ORIENTED_EDGE('',*,*,#1234,.T.);
#419=ORIENTED_EDGE('',*,*,#1235,.T.);
#420=ORIENTED_EDGE('',*,*,#1236,.T.);
#421=ORIENTED_EDGE('',*,*,#1237,.T.);
#422=ORIENTED_EDGE('',*,*,#1238,.T.);
#423=ORIENTED_EDGE('',*,*,#1239,.T.);
#424=ORIENTED_EDGE('',*,*,#1240,.T.);
#425=ORIENTED_EDGE('',*,*,#1241,.T.);
#426=ORIENTED_EDGE('',*,*,#1242,.T.);
#427=ORIENTED_EDGE('',*,*,#1243,.T.);
#428=ORIENTED_EDGE('',*,*,#1244,.T.);
#429=ORIENTED_EDGE('',*,*,#1245,.T.);
#430=ORIENTED_EDGE('',*,*,#1246,.T.);
#431=ORIENTED_EDGE('',*,*,#1247,.T.);
#432=ORIENTED_EDGE('',*,*,#1248,.T.);
#433=ORIENTED_EDGE('',*,*,#1249,.T.);
#434=ORIENTED_EDGE('',*,*,#1250,.T.);
#435=ORIENTED_EDGE('',*,*,#1251,.T.);
#436=ORIENTED_EDGE('',*,*,#1252,.T.);
#437=ORIENTED_EDGE('',*,*,#1253,.T.);
#438=ORIENTED_EDGE('',*,*,#1254,.T.);
#439=ORIENTED_EDGE('',*,*,#1255,.T.);
#440=ORIENTED_EDGE('',*,*,#1256,.T.);
#441=ORIENTED_EDGE('',*,*,#1257,.T.);
#442=ORIENTED_EDGE('',*,*,#1258,.T.);
#443=ORIENTED_EDGE('',*,*,#1259,.T.);
#444=ORIENTED_EDGE('',*,*,#1260,.T.);
#445=ORIENTED_EDGE('',*,*,#1261,.T.);
#446=ORIENTED_EDGE('',*,*,#1262,.T.);
#447=ORIENTED_EDGE('',*,*,#1263,.T.);
#448=ORIENTED_EDGE('',*,*,#1264,.T.);
#449=ORIENTED_EDGE('',*,*,#1176,.T.);
#450=ORIENTED_EDGE('',*,*,#1265,.F.);
#451=ORIENTED_EDGE('',*,*,#1049,.F.);
#452=ORIENTED_EDGE('',*,*,#1266,.T.);
#453=ORIENTED_EDGE('',*,*,#1177,.T.);
#454=ORIENTED_EDGE('',*,*,#1266,.F.);
#455=ORIENTED_EDGE('',*,*,#1060,.F.);
#456=ORIENTED_EDGE('',*,*,#1267,.T.);
#457=ORIENTED_EDGE('',*,*,#1178,.T.);
#458=ORIENTED_EDGE('',*,*,#1267,.F.);
#459=ORIENTED_EDGE('',*,*,#1059,.F.);
#460=ORIENTED_EDGE('',*,*,#1268,.T.);
#461=ORIENTED_EDGE('',*,*,#1179,.T.);
#462=ORIENTED_EDGE('',*,*,#1268,.F.);
#463=ORIENTED_EDGE('',*,*,#1058,.F.);
#464=ORIENTED_EDGE('',*,*,#1269,.T.);
#465=ORIENTED_EDGE('',*,*,#1180,.T.);
#466=ORIENTED_EDGE('',*,*,#1269,.F.);
#467=ORIENTED_EDGE('',*,*,#1057,.F.);
#468=ORIENTED_EDGE('',*,*,#1270,.T.);
#469=ORIENTED_EDGE('',*,*,#1181,.T.);
#470=ORIENTED_EDGE('',*,*,#1270,.F.);
#471=ORIENTED_EDGE('',*,*,#1056,.F.);
#472=ORIENTED_EDGE('',*,*,#1271,.T.);
#473=ORIENTED_EDGE('',*,*,#1182,.T.);
#474=ORIENTED_EDGE('',*,*,#1271,.F.);
#475=ORIENTED_EDGE('',*,*,#1055,.F.);
#476=ORIENTED_EDGE('',*,*,#1272,.T.);
#477=ORIENTED_EDGE('',*,*,#1183,.T.);
#478=ORIENTED_EDGE('',*,*,#1272,.F.);
#479=ORIENTED_EDGE('',*,*,#1054,.F.);
#480=ORIENTED_EDGE('',*,*,#1273,.T.);
#481=ORIENTED_EDGE('',*,*,#1184,.T.);
#482=ORIENTED_EDGE('',*,*,#1273,.F.);
#483=ORIENTED_EDGE('',*,*,#1053,.F.);
#484=ORIENTED_EDGE('',*,*,#1274,.T.);
#485=ORIENTED_EDGE('',*,*,#1185,.T.);
#486=ORIENTED_EDGE('',*,*,#1274,.F.);
#487=ORIENTED_EDGE('',*,*,#1052,.F.);
#488=ORIENTED_EDGE('',*,*,#1275,.T.);
#489=ORIENTED_EDGE('',*,*,#1186,.T.);
#490=ORIENTED_EDGE('',*,*,#1275,.F.);
#491=ORIENTED_EDGE('',*,*,#1051,.F.);
#492=ORIENTED_EDGE('',*,*,#1276,.T.);
#493=ORIENTED_EDGE('',*,*,#1187,.T.);
#494=ORIENTED_EDGE('',*,*,#1276,.F.);
#495=ORIENTED_EDGE('',*,*,#1050,.F.);
#496=ORIENTED_EDGE('',*,*,#1265,.T.);
#497=ORIENTED_EDGE('',*,*,#1045,.T.);
#498=ORIENTED_EDGE('',*,*,#1277,.T.);
#499=ORIENTED_EDGE('',*,*,#1189,.F.);
#500=ORIENTED_EDGE('',*,*,#1278,.F.);
#501=ORIENTED_EDGE('',*,*,#1046,.T.);
#502=ORIENTED_EDGE('',*,*,#1278,.T.);
#503=ORIENTED_EDGE('',*,*,#1188,.F.);
#504=ORIENTED_EDGE('',*,*,#1279,.F.);
#505=ORIENTED_EDGE('',*,*,#1047,.T.);
#506=ORIENTED_EDGE('',*,*,#1279,.T.);
#507=ORIENTED_EDGE('',*,*,#1191,.F.);
#508=ORIENTED_EDGE('',*,*,#1280,.F.);
#509=ORIENTED_EDGE('',*,*,#1048,.T.);
#510=ORIENTED_EDGE('',*,*,#1280,.T.);
#511=ORIENTED_EDGE('',*,*,#1190,.F.);
#512=ORIENTED_EDGE('',*,*,#1277,.F.);
#513=ORIENTED_EDGE('',*,*,#1061,.T.);
#514=ORIENTED_EDGE('',*,*,#1281,.T.);
#515=ORIENTED_EDGE('',*,*,#1193,.F.);
#516=ORIENTED_EDGE('',*,*,#1282,.F.);
#517=ORIENTED_EDGE('',*,*,#1062,.T.);
#518=ORIENTED_EDGE('',*,*,#1282,.T.);
#519=ORIENTED_EDGE('',*,*,#1192,.F.);
#520=ORIENTED_EDGE('',*,*,#1283,.F.);
#521=ORIENTED_EDGE('',*,*,#1063,.T.);
#522=ORIENTED_EDGE('',*,*,#1283,.T.);
#523=ORIENTED_EDGE('',*,*,#1206,.F.);
#524=ORIENTED_EDGE('',*,*,#1284,.F.);
#525=ORIENTED_EDGE('',*,*,#1064,.T.);
#526=ORIENTED_EDGE('',*,*,#1284,.T.);
#527=ORIENTED_EDGE('',*,*,#1205,.F.);
#528=ORIENTED_EDGE('',*,*,#1285,.F.);
#529=ORIENTED_EDGE('',*,*,#1065,.T.);
#530=ORIENTED_EDGE('',*,*,#1285,.T.);
#531=ORIENTED_EDGE('',*,*,#1204,.F.);
#532=ORIENTED_EDGE('',*,*,#1286,.F.);
#533=ORIENTED_EDGE('',*,*,#1066,.T.);
#534=ORIENTED_EDGE('',*,*,#1286,.T.);
#535=ORIENTED_EDGE('',*,*,#1203,.F.);
#536=ORIENTED_EDGE('',*,*,#1287,.F.);
#537=ORIENTED_EDGE('',*,*,#1067,.T.);
#538=ORIENTED_EDGE('',*,*,#1287,.T.);
#539=ORIENTED_EDGE('',*,*,#1202,.F.);
#540=ORIENTED_EDGE('',*,*,#1288,.F.);
#541=ORIENTED_EDGE('',*,*,#1068,.T.);
#542=ORIENTED_EDGE('',*,*,#1288,.T.);
#543=ORIENTED_EDGE('',*,*,#1201,.F.);
#544=ORIENTED_EDGE('',*,*,#1289,.F.);
#545=ORIENTED_EDGE('',*,*,#1069,.T.);
#546=ORIENTED_EDGE('',*,*,#1289,.T.);
#547=ORIENTED_EDGE('',*,*,#1200,.F.);
#548=ORIENTED_EDGE('',*,*,#1290,.F.);
#549=ORIENTED_EDGE('',*,*,#1070,.T.);
#550=ORIENTED_EDGE('',*,*,#1290,.T.);
#551=ORIENTED_EDGE('',*,*,#1199,.F.);
#552=ORIENTED_EDGE('',*,*,#1291,.F.);
#553=ORIENTED_EDGE('',*,*,#1071,.T.);
#554=ORIENTED_EDGE('',*,*,#1291,.T.);
#555=ORIENTED_EDGE('',*,*,#1198,.F.);
#556=ORIENTED_EDGE('',*,*,#1292,.F.);
#557=ORIENTED_EDGE('',*,*,#1072,.T.);
#558=ORIENTED_EDGE('',*,*,#1292,.T.);
#559=ORIENTED_EDGE('',*,*,#1197,.F.);
#560=ORIENTED_EDGE('',*,*,#1293,.F.);
#561=ORIENTED_EDGE('',*,*,#1073,.T.);
#562=ORIENTED_EDGE('',*,*,#1293,.T.);
#563=ORIENTED_EDGE('',*,*,#1196,.F.);
#564=ORIENTED_EDGE('',*,*,#1294,.F.);
#565=ORIENTED_EDGE('',*,*,#1074,.T.);
#566=ORIENTED_EDGE('',*,*,#1294,.T.);
#567=ORIENTED_EDGE('',*,*,#1195,.F.);
#568=ORIENTED_EDGE('',*,*,#1295,.F.);
#569=ORIENTED_EDGE('',*,*,#1075,.T.);
#570=ORIENTED_EDGE('',*,*,#1295,.T.);
#571=ORIENTED_EDGE('',*,*,#1194,.F.);
#572=ORIENTED_EDGE('',*,*,#1281,.F.);
#573=ORIENTED_EDGE('',*,*,#1020,.T.);
#574=ORIENTED_EDGE('',*,*,#1296,.T.);
#575=ORIENTED_EDGE('',*,*,#1208,.F.);
#576=ORIENTED_EDGE('',*,*,#1297,.F.);
#577=ORIENTED_EDGE('',*,*,#1021,.T.);
#578=ORIENTED_EDGE('',*,*,#1297,.T.);
#579=ORIENTED_EDGE('',*,*,#1207,.F.);
#580=ORIENTED_EDGE('',*,*,#1298,.F.);
#581=ORIENTED_EDGE('',*,*,#1022,.T.);
#582=ORIENTED_EDGE('',*,*,#1298,.T.);
#583=ORIENTED_EDGE('',*,*,#1231,.F.);
#584=ORIENTED_EDGE('',*,*,#1299,.F.);
#585=ORIENTED_EDGE('',*,*,#1023,.T.);
#586=ORIENTED_EDGE('',*,*,#1299,.T.);
#587=ORIENTED_EDGE('',*,*,#1230,.F.);
#588=ORIENTED_EDGE('',*,*,#1300,.F.);
#589=ORIENTED_EDGE('',*,*,#1024,.T.);
#590=ORIENTED_EDGE('',*,*,#1300,.T.);
#591=ORIENTED_EDGE('',*,*,#1229,.F.);
#592=ORIENTED_EDGE('',*,*,#1301,.F.);
#593=ORIENTED_EDGE('',*,*,#1025,.T.);
#594=ORIENTED_EDGE('',*,*,#1301,.T.);
#595=ORIENTED_EDGE('',*,*,#1228,.F.);
#596=ORIENTED_EDGE('',*,*,#1302,.F.);
#597=ORIENTED_EDGE('',*,*,#1026,.T.);
#598=ORIENTED_EDGE('',*,*,#1302,.T.);
#599=ORIENTED_EDGE('',*,*,#1227,.F.);
#600=ORIENTED_EDGE('',*,*,#1303,.F.);
#601=ORIENTED_EDGE('',*,*,#1027,.T.);
#602=ORIENTED_EDGE('',*,*,#1303,.T.);
#603=ORIENTED_EDGE('',*,*,#1226,.F.);
#604=ORIENTED_EDGE('',*,*,#1304,.F.);
#605=ORIENTED_EDGE('',*,*,#1028,.T.);
#606=ORIENTED_EDGE('',*,*,#1304,.T.);
#607=ORIENTED_EDGE('',*,*,#1225,.F.);
#608=ORIENTED_EDGE('',*,*,#1305,.F.);
#609=ORIENTED_EDGE('',*,*,#1029,.T.);
#610=ORIENTED_EDGE('',*,*,#1305,.T.);
#611=ORIENTED_EDGE('',*,*,#1224,.F.);
#612=ORIENTED_EDGE('',*,*,#1306,.F.);
#613=ORIENTED_EDGE('',*,*,#1030,.T.);
#614=ORIENTED_EDGE('',*,*,#1306,.T.);
#615=ORIENTED_EDGE('',*,*,#1223,.F.);
#616=ORIENTED_EDGE('',*,*,#1307,.F.);
#617=ORIENTED_EDGE('',*,*,#1031,.T.);
#618=ORIENTED_EDGE('',*,*,#1307,.T.);
#619=ORIENTED_EDGE('',*,*,#1222,.F.);
#620=ORIENTED_EDGE('',*,*,#1308,.F.);
#621=ORIENTED_EDGE('',*,*,#1032,.T.);
#622=ORIENTED_EDGE('',*,*,#1308,.T.);
#623=ORIENTED_EDGE('',*,*,#1221,.F.);
#624=ORIENTED_EDGE('',*,*,#1309,.F.);
#625=ORIENTED_EDGE('',*,*,#1033,.T.);
#626=ORIENTED_EDGE('',*,*,#1309,.T.);
#627=ORIENTED_EDGE('',*,*,#1220,.F.);
#628=ORIENTED_EDGE('',*,*,#1310,.F.);
#629=ORIENTED_EDGE('',*,*,#1034,.T.);
#630=ORIENTED_EDGE('',*,*,#1310,.T.);
#631=ORIENTED_EDGE('',*,*,#1219,.F.);
#632=ORIENTED_EDGE('',*,*,#1311,.F.);
#633=ORIENTED_EDGE('',*,*,#1035,.T.);
#634=ORIENTED_EDGE('',*,*,#1311,.T.);
#635=ORIENTED_EDGE('',*,*,#1218,.F.);
#636=ORIENTED_EDGE('',*,*,#1312,.F.);
#637=ORIENTED_EDGE('',*,*,#1036,.T.);
#638=ORIENTED_EDGE('',*,*,#1312,.T.);
#639=ORIENTED_EDGE('',*,*,#1217,.F.);
#640=ORIENTED_EDGE('',*,*,#1313,.F.);
#641=ORIENTED_EDGE('',*,*,#1037,.T.);
#642=ORIENTED_EDGE('',*,*,#1313,.T.);
#643=ORIENTED_EDGE('',*,*,#1216,.F.);
#644=ORIENTED_EDGE('',*,*,#1314,.F.);
#645=ORIENTED_EDGE('',*,*,#1038,.T.);
#646=ORIENTED_EDGE('',*,*,#1314,.T.);
#647=ORIENTED_EDGE('',*,*,#1215,.F.);
#648=ORIENTED_EDGE('',*,*,#1315,.F.);
#649=ORIENTED_EDGE('',*,*,#1039,.T.);
#650=ORIENTED_EDGE('',*,*,#1315,.T.);
#651=ORIENTED_EDGE('',*,*,#1214,.F.);
#652=ORIENTED_EDGE('',*,*,#1316,.F.);
#653=ORIENTED_EDGE('',*,*,#1040,.T.);
#654=ORIENTED_EDGE('',*,*,#1316,.T.);
#655=ORIENTED_EDGE('',*,*,#1213,.F.);
#656=ORIENTED_EDGE('',*,*,#1317,.F.);
#657=ORIENTED_EDGE('',*,*,#1041,.T.);
#658=ORIENTED_EDGE('',*,*,#1317,.T.);
#659=ORIENTED_EDGE('',*,*,#1212,.F.);
#660=ORIENTED_EDGE('',*,*,#1318,.F.);
#661=ORIENTED_EDGE('',*,*,#1042,.T.);
#662=ORIENTED_EDGE('',*,*,#1318,.T.);
#663=ORIENTED_EDGE('',*,*,#1211,.F.);
#664=ORIENTED_EDGE('',*,*,#1319,.F.);
#665=ORIENTED_EDGE('',*,*,#1043,.T.);
#666=ORIENTED_EDGE('',*,*,#1319,.T.);
#667=ORIENTED_EDGE('',*,*,#1210,.F.);
#668=ORIENTED_EDGE('',*,*,#1320,.F.);
#669=ORIENTED_EDGE('',*,*,#1044,.T.);
#670=ORIENTED_EDGE('',*,*,#1320,.T.);
#671=ORIENTED_EDGE('',*,*,#1209,.F.);
#672=ORIENTED_EDGE('',*,*,#1296,.F.);
#673=ORIENTED_EDGE('',*,*,#1076,.T.);
#674=ORIENTED_EDGE('',*,*,#1321,.T.);
#675=ORIENTED_EDGE('',*,*,#1169,.F.);
#676=ORIENTED_EDGE('',*,*,#1322,.F.);
#677=ORIENTED_EDGE('',*,*,#1077,.T.);
#678=ORIENTED_EDGE('',*,*,#1322,.T.);
#679=ORIENTED_EDGE('',*,*,#1168,.F.);
#680=ORIENTED_EDGE('',*,*,#1323,.F.);
#681=ORIENTED_EDGE('',*,*,#1078,.T.);
#682=ORIENTED_EDGE('',*,*,#1323,.T.);
#683=ORIENTED_EDGE('',*,*,#1175,.F.);
#684=ORIENTED_EDGE('',*,*,#1324,.F.);
#685=ORIENTED_EDGE('',*,*,#1079,.T.);
#686=ORIENTED_EDGE('',*,*,#1324,.T.);
#687=ORIENTED_EDGE('',*,*,#1174,.F.);
#688=ORIENTED_EDGE('',*,*,#1325,.F.);
#689=ORIENTED_EDGE('',*,*,#1080,.T.);
#690=ORIENTED_EDGE('',*,*,#1325,.T.);
#691=ORIENTED_EDGE('',*,*,#1173,.F.);
#692=ORIENTED_EDGE('',*,*,#1326,.F.);
#693=ORIENTED_EDGE('',*,*,#1081,.T.);
#694=ORIENTED_EDGE('',*,*,#1326,.T.);
#695=ORIENTED_EDGE('',*,*,#1172,.F.);
#696=ORIENTED_EDGE('',*,*,#1327,.F.);
#697=ORIENTED_EDGE('',*,*,#1082,.T.);
#698=ORIENTED_EDGE('',*,*,#1327,.T.);
#699=ORIENTED_EDGE('',*,*,#1171,.F.);
#700=ORIENTED_EDGE('',*,*,#1328,.F.);
#701=ORIENTED_EDGE('',*,*,#1083,.T.);
#702=ORIENTED_EDGE('',*,*,#1328,.T.);
#703=ORIENTED_EDGE('',*,*,#1170,.F.);
#704=ORIENTED_EDGE('',*,*,#1321,.F.);
#705=ORIENTED_EDGE('',*,*,#1016,.T.);
#706=ORIENTED_EDGE('',*,*,#1329,.T.);
#707=ORIENTED_EDGE('',*,*,#1165,.F.);
#708=ORIENTED_EDGE('',*,*,#1330,.F.);
#709=ORIENTED_EDGE('',*,*,#1017,.T.);
#710=ORIENTED_EDGE('',*,*,#1330,.T.);
#711=ORIENTED_EDGE('',*,*,#1164,.F.);
#712=ORIENTED_EDGE('',*,*,#1331,.F.);
#713=ORIENTED_EDGE('',*,*,#1018,.T.);
#714=ORIENTED_EDGE('',*,*,#1331,.T.);
#715=ORIENTED_EDGE('',*,*,#1167,.F.);
#716=ORIENTED_EDGE('',*,*,#1332,.F.);
#717=ORIENTED_EDGE('',*,*,#1019,.T.);
#718=ORIENTED_EDGE('',*,*,#1332,.T.);
#719=ORIENTED_EDGE('',*,*,#1166,.F.);
#720=ORIENTED_EDGE('',*,*,#1329,.F.);
#721=ORIENTED_EDGE('',*,*,#1084,.T.);
#722=ORIENTED_EDGE('',*,*,#1333,.T.);
#723=ORIENTED_EDGE('',*,*,#1157,.F.);
#724=ORIENTED_EDGE('',*,*,#1334,.F.);
#725=ORIENTED_EDGE('',*,*,#1085,.T.);
#726=ORIENTED_EDGE('',*,*,#1334,.T.);
#727=ORIENTED_EDGE('',*,*,#1156,.F.);
#728=ORIENTED_EDGE('',*,*,#1335,.F.);
#729=ORIENTED_EDGE('',*,*,#1086,.T.);
#730=ORIENTED_EDGE('',*,*,#1335,.T.);
#731=ORIENTED_EDGE('',*,*,#1163,.F.);
#732=ORIENTED_EDGE('',*,*,#1336,.F.);
#733=ORIENTED_EDGE('',*,*,#1087,.T.);
#734=ORIENTED_EDGE('',*,*,#1336,.T.);
#735=ORIENTED_EDGE('',*,*,#1162,.F.);
#736=ORIENTED_EDGE('',*,*,#1337,.F.);
#737=ORIENTED_EDGE('',*,*,#1088,.T.);
#738=ORIENTED_EDGE('',*,*,#1337,.T.);
#739=ORIENTED_EDGE('',*,*,#1161,.F.);
#740=ORIENTED_EDGE('',*,*,#1338,.F.);
#741=ORIENTED_EDGE('',*,*,#1089,.T.);
#742=ORIENTED_EDGE('',*,*,#1338,.T.);
#743=ORIENTED_EDGE('',*,*,#1160,.F.);
#744=ORIENTED_EDGE('',*,*,#1339,.F.);
#745=ORIENTED_EDGE('',*,*,#1090,.T.);
#746=ORIENTED_EDGE('',*,*,#1339,.T.);
#747=ORIENTED_EDGE('',*,*,#1159,.F.);
#748=ORIENTED_EDGE('',*,*,#1340,.F.);
#749=ORIENTED_EDGE('',*,*,#1091,.T.);
#750=ORIENTED_EDGE('',*,*,#1340,.T.);
#751=ORIENTED_EDGE('',*,*,#1158,.F.);
#752=ORIENTED_EDGE('',*,*,#1333,.F.);
#753=ORIENTED_EDGE('',*,*,#1001,.T.);
#754=ORIENTED_EDGE('',*,*,#1341,.T.);
#755=ORIENTED_EDGE('',*,*,#1142,.F.);
#756=ORIENTED_EDGE('',*,*,#1342,.F.);
#757=ORIENTED_EDGE('',*,*,#1002,.T.);
#758=ORIENTED_EDGE('',*,*,#1342,.T.);
#759=ORIENTED_EDGE('',*,*,#1141,.F.);
#760=ORIENTED_EDGE('',*,*,#1343,.F.);
#761=ORIENTED_EDGE('',*,*,#1003,.T.);
#762=ORIENTED_EDGE('',*,*,#1343,.T.);
#763=ORIENTED_EDGE('',*,*,#1155,.F.);
#764=ORIENTED_EDGE('',*,*,#1344,.F.);
#765=ORIENTED_EDGE('',*,*,#1004,.T.);
#766=ORIENTED_EDGE('',*,*,#1344,.T.);
#767=ORIENTED_EDGE('',*,*,#1154,.F.);
#768=ORIENTED_EDGE('',*,*,#1345,.F.);
#769=ORIENTED_EDGE('',*,*,#1005,.T.);
#770=ORIENTED_EDGE('',*,*,#1345,.T.);
#771=ORIENTED_EDGE('',*,*,#1153,.F.);
#772=ORIENTED_EDGE('',*,*,#1346,.F.);
#773=ORIENTED_EDGE('',*,*,#1006,.T.);
#774=ORIENTED_EDGE('',*,*,#1346,.T.);
#775=ORIENTED_EDGE('',*,*,#1152,.F.);
#776=ORIENTED_EDGE('',*,*,#1347,.F.);
#777=ORIENTED_EDGE('',*,*,#1007,.T.);
#778=ORIENTED_EDGE('',*,*,#1347,.T.);
#779=ORIENTED_EDGE('',*,*,#1151,.F.);
#780=ORIENTED_EDGE('',*,*,#1348,.F.);
#781=ORIENTED_EDGE('',*,*,#1008,.T.);
#782=ORIENTED_EDGE('',*,*,#1348,.T.);
#783=ORIENTED_EDGE('',*,*,#1150,.F.);
#784=ORIENTED_EDGE('',*,*,#1349,.F.);
#785=ORIENTED_EDGE('',*,*,#1009,.T.);
#786=ORIENTED_EDGE('',*,*,#1349,.T.);
#787=ORIENTED_EDGE('',*,*,#1149,.F.);
#788=ORIENTED_EDGE('',*,*,#1350,.F.);
#789=ORIENTED_EDGE('',*,*,#1010,.T.);
#790=ORIENTED_EDGE('',*,*,#1350,.T.);
#791=ORIENTED_EDGE('',*,*,#1148,.F.);
#792=ORIENTED_EDGE('',*,*,#1351,.F.);
#793=ORIENTED_EDGE('',*,*,#1011,.T.);
#794=ORIENTED_EDGE('',*,*,#1351,.T.);
#795=ORIENTED_EDGE('',*,*,#1147,.F.);
#796=ORIENTED_EDGE('',*,*,#1352,.F.);
#797=ORIENTED_EDGE('',*,*,#1012,.T.);
#798=ORIENTED_EDGE('',*,*,#1352,.T.);
#799=ORIENTED_EDGE('',*,*,#1146,.F.);
#800=ORIENTED_EDGE('',*,*,#1353,.F.);
#801=ORIENTED_EDGE('',*,*,#1013,.T.);
#802=ORIENTED_EDGE('',*,*,#1353,.T.);
#803=ORIENTED_EDGE('',*,*,#1145,.F.);
#804=ORIENTED_EDGE('',*,*,#1354,.F.);
#805=ORIENTED_EDGE('',*,*,#1014,.T.);
#806=ORIENTED_EDGE('',*,*,#1354,.T.);
#807=ORIENTED_EDGE('',*,*,#1144,.F.);
#808=ORIENTED_EDGE('',*,*,#1355,.F.);
#809=ORIENTED_EDGE('',*,*,#1015,.T.);
#810=ORIENTED_EDGE('',*,*,#1355,.T.);
#811=ORIENTED_EDGE('',*,*,#1143,.F.);
#812=ORIENTED_EDGE('',*,*,#1341,.F.);
#813=ORIENTED_EDGE('',*,*,#1092,.T.);
#814=ORIENTED_EDGE('',*,*,#1356,.T.);
#815=ORIENTED_EDGE('',*,*,#1130,.F.);
#816=ORIENTED_EDGE('',*,*,#1357,.F.);
#817=ORIENTED_EDGE('',*,*,#1093,.T.);
#818=ORIENTED_EDGE('',*,*,#1357,.T.);
#819=ORIENTED_EDGE('',*,*,#1129,.F.);
#820=ORIENTED_EDGE('',*,*,#1358,.F.);
#821=ORIENTED_EDGE('',*,*,#1094,.T.);
#822=ORIENTED_EDGE('',*,*,#1358,.T.);
#823=ORIENTED_EDGE('',*,*,#1140,.F.);
#824=ORIENTED_EDGE('',*,*,#1359,.F.);
#825=ORIENTED_EDGE('',*,*,#1095,.T.);
#826=ORIENTED_EDGE('',*,*,#1359,.T.);
#827=ORIENTED_EDGE('',*,*,#1139,.F.);
#828=ORIENTED_EDGE('',*,*,#1360,.F.);
#829=ORIENTED_EDGE('',*,*,#1096,.T.);
#830=ORIENTED_EDGE('',*,*,#1360,.T.);
#831=ORIENTED_EDGE('',*,*,#1138,.F.);
#832=ORIENTED_EDGE('',*,*,#1361,.F.);
#833=ORIENTED_EDGE('',*,*,#1097,.T.);
#834=ORIENTED_EDGE('',*,*,#1361,.T.);
#835=ORIENTED_EDGE('',*,*,#1137,.F.);
#836=ORIENTED_EDGE('',*,*,#1362,.F.);
#837=ORIENTED_EDGE('',*,*,#1098,.T.);
#838=ORIENTED_EDGE('',*,*,#1362,.T.);
#839=ORIENTED_EDGE('',*,*,#1136,.F.);
#840=ORIENTED_EDGE('',*,*,#1363,.F.);
#841=ORIENTED_EDGE('',*,*,#1099,.T.);
#842=ORIENTED_EDGE('',*,*,#1363,.T.);
#843=ORIENTED_EDGE('',*,*,#1135,.F.);
#844=ORIENTED_EDGE('',*,*,#1364,.F.);
#845=ORIENTED_EDGE('',*,*,#1100,.T.);
#846=ORIENTED_EDGE('',*,*,#1364,.T.);
#847=ORIENTED_EDGE('',*,*,#1134,.F.);
#848=ORIENTED_EDGE('',*,*,#1365,.F.);
#849=ORIENTED_EDGE('',*,*,#1101,.T.);
#850=ORIENTED_EDGE('',*,*,#1365,.T.);
#851=ORIENTED_EDGE('',*,*,#1133,.F.);
#852=ORIENTED_EDGE('',*,*,#1366,.F.);
#853=ORIENTED_EDGE('',*,*,#1102,.T.);
#854=ORIENTED_EDGE('',*,*,#1366,.T.);
#855=ORIENTED_EDGE('',*,*,#1132,.F.);
#856=ORIENTED_EDGE('',*,*,#1367,.F.);
#857=ORIENTED_EDGE('',*,*,#1103,.T.);
#858=ORIENTED_EDGE('',*,*,#1367,.T.);
#859=ORIENTED_EDGE('',*,*,#1131,.F.);
#860=ORIENTED_EDGE('',*,*,#1356,.F.);
#861=ORIENTED_EDGE('',*,*,#993,.T.);
#862=ORIENTED_EDGE('',*,*,#1368,.T.);
#863=ORIENTED_EDGE('',*,*,#1233,.F.);
#864=ORIENTED_EDGE('',*,*,#1369,.F.);
#865=ORIENTED_EDGE('',*,*,#994,.T.);
#866=ORIENTED_EDGE('',*,*,#1369,.T.);
#867=ORIENTED_EDGE('',*,*,#1232,.F.);
#868=ORIENTED_EDGE('',*,*,#1370,.F.);
#869=ORIENTED_EDGE('',*,*,#995,.T.);
#870=ORIENTED_EDGE('',*,*,#1370,.T.);
#871=ORIENTED_EDGE('',*,*,#1239,.F.);
#872=ORIENTED_EDGE('',*,*,#1371,.F.);
#873=ORIENTED_EDGE('',*,*,#996,.T.);
#874=ORIENTED_EDGE('',*,*,#1371,.T.);
#875=ORIENTED_EDGE('',*,*,#1238,.F.);
#876=ORIENTED_EDGE('',*,*,#1372,.F.);
#877=ORIENTED_EDGE('',*,*,#997,.T.);
#878=ORIENTED_EDGE('',*,*,#1372,.T.);
#879=ORIENTED_EDGE('',*,*,#1237,.F.);
#880=ORIENTED_EDGE('',*,*,#1373,.F.);
#881=ORIENTED_EDGE('',*,*,#998,.T.);
#882=ORIENTED_EDGE('',*,*,#1373,.T.);
#883=ORIENTED_EDGE('',*,*,#1236,.F.);
#884=ORIENTED_EDGE('',*,*,#1374,.F.);
#885=ORIENTED_EDGE('',*,*,#999,.T.);
#886=ORIENTED_EDGE('',*,*,#1374,.T.);
#887=ORIENTED_EDGE('',*,*,#1235,.F.);
#888=ORIENTED_EDGE('',*,*,#1375,.F.);
#889=ORIENTED_EDGE('',*,*,#1000,.T.);
#890=ORIENTED_EDGE('',*,*,#1375,.T.);
#891=ORIENTED_EDGE('',*,*,#1234,.F.);
#892=ORIENTED_EDGE('',*,*,#1368,.F.);
#893=ORIENTED_EDGE('',*,*,#1104,.T.);
#894=ORIENTED_EDGE('',*,*,#1376,.T.);
#895=ORIENTED_EDGE('',*,*,#1241,.F.);
#896=ORIENTED_EDGE('',*,*,#1377,.F.);
#897=ORIENTED_EDGE('',*,*,#1105,.T.);
#898=ORIENTED_EDGE('',*,*,#1377,.T.);
#899=ORIENTED_EDGE('',*,*,#1240,.F.);
#900=ORIENTED_EDGE('',*,*,#1378,.F.);
#901=ORIENTED_EDGE('',*,*,#1106,.T.);
#902=ORIENTED_EDGE('',*,*,#1378,.T.);
#903=ORIENTED_EDGE('',*,*,#1264,.F.);
#904=ORIENTED_EDGE('',*,*,#1379,.F.);
#905=ORIENTED_EDGE('',*,*,#1107,.T.);
#906=ORIENTED_EDGE('',*,*,#1379,.T.);
#907=ORIENTED_EDGE('',*,*,#1263,.F.);
#908=ORIENTED_EDGE('',*,*,#1380,.F.);
#909=ORIENTED_EDGE('',*,*,#1108,.T.);
#910=ORIENTED_EDGE('',*,*,#1380,.T.);
#911=ORIENTED_EDGE('',*,*,#1262,.F.);
#912=ORIENTED_EDGE('',*,*,#1381,.F.);
#913=ORIENTED_EDGE('',*,*,#1109,.T.);
#914=ORIENTED_EDGE('',*,*,#1381,.T.);
#915=ORIENTED_EDGE('',*,*,#1261,.F.);
#916=ORIENTED_EDGE('',*,*,#1382,.F.);
#917=ORIENTED_EDGE('',*,*,#1110,.T.);
#918=ORIENTED_EDGE('',*,*,#1382,.T.);
#919=ORIENTED_EDGE('',*,*,#1260,.F.);
#920=ORIENTED_EDGE('',*,*,#1383,.F.);
#921=ORIENTED_EDGE('',*,*,#1111,.T.);
#922=ORIENTED_EDGE('',*,*,#1383,.T.);
#923=ORIENTED_EDGE('',*,*,#1259,.F.);
#924=ORIENTED_EDGE('',*,*,#1384,.F.);
#925=ORIENTED_EDGE('',*,*,#1112,.T.);
#926=ORIENTED_EDGE('',*,*,#1384,.T.);
#927=ORIENTED_EDGE('',*,*,#1258,.F.);
#928=ORIENTED_EDGE('',*,*,#1385,.F.);
#929=ORIENTED_EDGE('',*,*,#1113,.T.);
#930=ORIENTED_EDGE('',*,*,#1385,.T.);
#931=ORIENTED_EDGE('',*,*,#1257,.F.);
#932=ORIENTED_EDGE('',*,*,#1386,.F.);
#933=ORIENTED_EDGE('',*,*,#1114,.T.);
#934=ORIENTED_EDGE('',*,*,#1386,.T.);
#935=ORIENTED_EDGE('',*,*,#1256,.F.);
#936=ORIENTED_EDGE('',*,*,#1387,.F.);
#937=ORIENTED_EDGE('',*,*,#1115,.T.);
#938=ORIENTED_EDGE('',*,*,#1387,.T.);
#939=ORIENTED_EDGE('',*,*,#1255,.F.);
#940=ORIENTED_EDGE('',*,*,#1388,.F.);
#941=ORIENTED_EDGE('',*,*,#1116,.T.);
#942=ORIENTED_EDGE('',*,*,#1388,.T.);
#943=ORIENTED_EDGE('',*,*,#1254,.F.);
#944=ORIENTED_EDGE('',*,*,#1389,.F.);
#945=ORIENTED_EDGE('',*,*,#1117,.T.);
#946=ORIENTED_EDGE('',*,*,#1389,.T.);
#947=ORIENTED_EDGE('',*,*,#1253,.F.);
#948=ORIENTED_EDGE('',*,*,#1390,.F.);
#949=ORIENTED_EDGE('',*,*,#1118,.T.);
#950=ORIENTED_EDGE('',*,*,#1390,.T.);
#951=ORIENTED_EDGE('',*,*,#1252,.F.);
#952=ORIENTED_EDGE('',*,*,#1391,.F.);
#953=ORIENTED_EDGE('',*,*,#1119,.T.);
#954=ORIENTED_EDGE('',*,*,#1391,.T.);
#955=ORIENTED_EDGE('',*,*,#1251,.F.);
#956=ORIENTED_EDGE('',*,*,#1392,.F.);
#957=ORIENTED_EDGE('',*,*,#1120,.T.);
#958=ORIENTED_EDGE('',*,*,#1392,.T.);
#959=ORIENTED_EDGE('',*,*,#1250,.F.);
#960=ORIENTED_EDGE('',*,*,#1393,.F.);
#961=ORIENTED_EDGE('',*,*,#1121,.T.);
#962=ORIENTED_EDGE('',*,*,#1393,.T.);
#963=ORIENTED_EDGE('',*,*,#1249,.F.);
#964=ORIENTED_EDGE('',*,*,#1394,.F.);
#965=ORIENTED_EDGE('',*,*,#1122,.T.);
#966=ORIENTED_EDGE('',*,*,#1394,.T.);
#967=ORIENTED_EDGE('',*,*,#1248,.F.);
#968=ORIENTED_EDGE('',*,*,#1395,.F.);
#969=ORIENTED_EDGE('',*,*,#1123,.T.);
#970=ORIENTED_EDGE('',*,*,#1395,.T.);
#971=ORIENTED_EDGE('',*,*,#1247,.F.);
#972=ORIENTED_EDGE('',*,*,#1396,.F.);
#973=ORIENTED_EDGE('',*,*,#1124,.T.);
#974=ORIENTED_EDGE('',*,*,#1396,.T.);
#975=ORIENTED_EDGE('',*,*,#1246,.F.);
#976=ORIENTED_EDGE('',*,*,#1397,.F.);
#977=ORIENTED_EDGE('',*,*,#1125,.T.);
#978=ORIENTED_EDGE('',*,*,#1397,.T.);
#979=ORIENTED_EDGE('',*,*,#1245,.F.);
#980=ORIENTED_EDGE('',*,*,#1398,.F.);
#981=ORIENTED_EDGE('',*,*,#1126,.T.);
#982=ORIENTED_EDGE('',*,*,#1398,.T.);
#983=ORIENTED_EDGE('',*,*,#1244,.F.);
#984=ORIENTED_EDGE('',*,*,#1399,.F.);
#985=ORIENTED_EDGE('',*,*,#1127,.T.);
#986=ORIENTED_EDGE('',*,*,#1399,.T.);
#987=ORIENTED_EDGE('',*,*,#1243,.F.);
#988=ORIENTED_EDGE('',*,*,#1400,.F.);
#989=ORIENTED_EDGE('',*,*,#1128,.T.);
#990=ORIENTED_EDGE('',*,*,#1400,.T.);
#991=ORIENTED_EDGE('',*,*,#1242,.F.);
#992=ORIENTED_EDGE('',*,*,#1376,.F.);
#993=EDGE_CURVE('',#1401,#1402,#1673,.T.);
#994=EDGE_CURVE('',#1403,#1401,#1674,.T.);
#995=EDGE_CURVE('',#1404,#1403,#1675,.T.);
#996=EDGE_CURVE('',#1405,#1404,#1676,.T.);
#997=EDGE_CURVE('',#1406,#1405,#1677,.T.);
#998=EDGE_CURVE('',#1407,#1406,#1678,.T.);
#999=EDGE_CURVE('',#1408,#1407,#1679,.T.);
#1000=EDGE_CURVE('',#1402,#1408,#1680,.T.);
#1001=EDGE_CURVE('',#1409,#1410,#1681,.T.);
#1002=EDGE_CURVE('',#1411,#1409,#1682,.T.);
#1003=EDGE_CURVE('',#1412,#1411,#1683,.T.);
#1004=EDGE_CURVE('',#1413,#1412,#1684,.T.);
#1005=EDGE_CURVE('',#1414,#1413,#89,.T.);
#1006=EDGE_CURVE('',#1415,#1414,#67,.F.);
#1007=EDGE_CURVE('',#1416,#1415,#1685,.T.);
#1008=EDGE_CURVE('',#1417,#1416,#1686,.T.);
#1009=EDGE_CURVE('',#1418,#1417,#1687,.T.);
#1010=EDGE_CURVE('',#1419,#1418,#1688,.T.);
#1011=EDGE_CURVE('',#1420,#1419,#1689,.T.);
#1012=EDGE_CURVE('',#1421,#1420,#1690,.T.);
#1013=EDGE_CURVE('',#1422,#1421,#68,.F.);
#1014=EDGE_CURVE('',#1423,#1422,#1691,.T.);
#1015=EDGE_CURVE('',#1410,#1423,#1692,.T.);
#1016=EDGE_CURVE('',#1424,#1425,#1693,.T.);
#1017=EDGE_CURVE('',#1426,#1424,#1694,.T.);
#1018=EDGE_CURVE('',#1427,#1426,#1695,.T.);
#1019=EDGE_CURVE('',#1425,#1427,#1696,.T.);
#1020=EDGE_CURVE('',#1428,#1429,#90,.T.);
#1021=EDGE_CURVE('',#1430,#1428,#91,.T.);
#1022=EDGE_CURVE('',#1431,#1430,#92,.T.);
#1023=EDGE_CURVE('',#1432,#1431,#93,.T.);
#1024=EDGE_CURVE('',#1433,#1432,#94,.T.);
#1025=EDGE_CURVE('',#1434,#1433,#95,.T.);
#1026=EDGE_CURVE('',#1435,#1434,#96,.T.);
#1027=EDGE_CURVE('',#1436,#1435,#97,.T.);
#1028=EDGE_CURVE('',#1437,#1436,#98,.T.);
#1029=EDGE_CURVE('',#1438,#1437,#1697,.T.);
#1030=EDGE_CURVE('',#1439,#1438,#99,.T.);
#1031=EDGE_CURVE('',#1440,#1439,#100,.T.);
#1032=EDGE_CURVE('',#1441,#1440,#101,.T.);
#1033=EDGE_CURVE('',#1442,#1441,#102,.T.);
#1034=EDGE_CURVE('',#1443,#1442,#103,.T.);
#1035=EDGE_CURVE('',#1444,#1443,#104,.T.);
#1036=EDGE_CURVE('',#1445,#1444,#105,.T.);
#1037=EDGE_CURVE('',#1446,#1445,#106,.T.);
#1038=EDGE_CURVE('',#1447,#1446,#107,.T.);
#1039=EDGE_CURVE('',#1448,#1447,#108,.T.);
#1040=EDGE_CURVE('',#1449,#1448,#69,.T.);
#1041=EDGE_CURVE('',#1450,#1449,#70,.T.);
#1042=EDGE_CURVE('',#1451,#1450,#1698,.T.);
#1043=EDGE_CURVE('',#1452,#1451,#109,.T.);
#1044=EDGE_CURVE('',#1429,#1452,#110,.T.);
#1045=EDGE_CURVE('',#1453,#1454,#1699,.T.);
#1046=EDGE_CURVE('',#1455,#1453,#1700,.T.);
#1047=EDGE_CURVE('',#1456,#1455,#1701,.T.);
#1048=EDGE_CURVE('',#1454,#1456,#1702,.T.);
#1049=EDGE_CURVE('',#1457,#1458,#1703,.T.);
#1050=EDGE_CURVE('',#1458,#1459,#1704,.T.);
#1051=EDGE_CURVE('',#1459,#1460,#71,.T.);
#1052=EDGE_CURVE('',#1460,#1461,#1705,.T.);
#1053=EDGE_CURVE('',#1461,#1462,#1706,.T.);
#1054=EDGE_CURVE('',#1462,#1463,#72,.T.);
#1055=EDGE_CURVE('',#1463,#1464,#1707,.T.);
#1056=EDGE_CURVE('',#1464,#1465,#1708,.T.);
#1057=EDGE_CURVE('',#1465,#1466,#1709,.T.);
#1058=EDGE_CURVE('',#1466,#1467,#1710,.T.);
#1059=EDGE_CURVE('',#1467,#1468,#1711,.T.);
#1060=EDGE_CURVE('',#1468,#1457,#73,.T.);
#1061=EDGE_CURVE('',#1469,#1470,#1712,.T.);
#1062=EDGE_CURVE('',#1471,#1469,#1713,.T.);
#1063=EDGE_CURVE('',#1472,#1471,#1714,.T.);
#1064=EDGE_CURVE('',#1473,#1472,#1715,.T.);
#1065=EDGE_CURVE('',#1474,#1473,#111,.T.);
#1066=EDGE_CURVE('',#1475,#1474,#74,.F.);
#1067=EDGE_CURVE('',#1476,#1475,#1716,.T.);
#1068=EDGE_CURVE('',#1477,#1476,#1717,.T.);
#1069=EDGE_CURVE('',#1478,#1477,#1718,.T.);
#1070=EDGE_CURVE('',#1479,#1478,#1719,.T.);
#1071=EDGE_CURVE('',#1480,#1479,#1720,.T.);
#1072=EDGE_CURVE('',#1481,#1480,#1721,.T.);
#1073=EDGE_CURVE('',#1482,#1481,#75,.F.);
#1074=EDGE_CURVE('',#1483,#1482,#1722,.T.);
#1075=EDGE_CURVE('',#1470,#1483,#1723,.T.);
#1076=EDGE_CURVE('',#1484,#1485,#1724,.T.);
#1077=EDGE_CURVE('',#1486,#1484,#1725,.T.);
#1078=EDGE_CURVE('',#1487,#1486,#1726,.T.);
#1079=EDGE_CURVE('',#1488,#1487,#1727,.T.);
#1080=EDGE_CURVE('',#1489,#1488,#1728,.T.);
#1081=EDGE_CURVE('',#1490,#1489,#1729,.T.);
#1082=EDGE_CURVE('',#1491,#1490,#1730,.T.);
#1083=EDGE_CURVE('',#1485,#1491,#1731,.T.);
#1084=EDGE_CURVE('',#1492,#1493,#1732,.T.);
#1085=EDGE_CURVE('',#1494,#1492,#1733,.T.);
#1086=EDGE_CURVE('',#1495,#1494,#1734,.T.);
#1087=EDGE_CURVE('',#1496,#1495,#1735,.T.);
#1088=EDGE_CURVE('',#1497,#1496,#1736,.T.);
#1089=EDGE_CURVE('',#1498,#1497,#1737,.T.);
#1090=EDGE_CURVE('',#1499,#1498,#1738,.T.);
#1091=EDGE_CURVE('',#1493,#1499,#1739,.T.);
#1092=EDGE_CURVE('',#1500,#1501,#1740,.T.);
#1093=EDGE_CURVE('',#1502,#1500,#1741,.T.);
#1094=EDGE_CURVE('',#1503,#1502,#1742,.T.);
#1095=EDGE_CURVE('',#1504,#1503,#1743,.T.);
#1096=EDGE_CURVE('',#1505,#1504,#1744,.T.);
#1097=EDGE_CURVE('',#1506,#1505,#1745,.T.);
#1098=EDGE_CURVE('',#1507,#1506,#1746,.T.);
#1099=EDGE_CURVE('',#1508,#1507,#1747,.T.);
#1100=EDGE_CURVE('',#1509,#1508,#1748,.T.);
#1101=EDGE_CURVE('',#1510,#1509,#1749,.T.);
#1102=EDGE_CURVE('',#1511,#1510,#1750,.T.);
#1103=EDGE_CURVE('',#1501,#1511,#1751,.T.);
#1104=EDGE_CURVE('',#1512,#1513,#112,.T.);
#1105=EDGE_CURVE('',#1514,#1512,#113,.T.);
#1106=EDGE_CURVE('',#1515,#1514,#114,.T.);
#1107=EDGE_CURVE('',#1516,#1515,#115,.T.);
#1108=EDGE_CURVE('',#1517,#1516,#116,.T.);
#1109=EDGE_CURVE('',#1518,#1517,#117,.T.);
#1110=EDGE_CURVE('',#1519,#1518,#118,.T.);
#1111=EDGE_CURVE('',#1520,#1519,#119,.T.);
#1112=EDGE_CURVE('',#1521,#1520,#120,.T.);
#1113=EDGE_CURVE('',#1522,#1521,#1752,.T.);
#1114=EDGE_CURVE('',#1523,#1522,#121,.T.);
#1115=EDGE_CURVE('',#1524,#1523,#122,.T.);
#1116=EDGE_CURVE('',#1525,#1524,#123,.T.);
#1117=EDGE_CURVE('',#1526,#1525,#124,.T.);
#1118=EDGE_CURVE('',#1527,#1526,#125,.T.);
#1119=EDGE_CURVE('',#1528,#1527,#126,.T.);
#1120=EDGE_CURVE('',#1529,#1528,#127,.T.);
#1121=EDGE_CURVE('',#1530,#1529,#128,.T.);
#1122=EDGE_CURVE('',#1531,#1530,#129,.T.);
#1123=EDGE_CURVE('',#1532,#1531,#130,.T.);
#1124=EDGE_CURVE('',#1533,#1532,#76,.T.);
#1125=EDGE_CURVE('',#1534,#1533,#77,.T.);
#1126=EDGE_CURVE('',#1535,#1534,#1753,.T.);
#1127=EDGE_CURVE('',#1536,#1535,#131,.T.);
#1128=EDGE_CURVE('',#1513,#1536,#132,.T.);
#1129=EDGE_CURVE('',#1537,#1538,#1754,.T.);
#1130=EDGE_CURVE('',#1538,#1539,#1755,.T.);
#1131=EDGE_CURVE('',#1539,#1540,#1756,.T.);
#1132=EDGE_CURVE('',#1540,#1541,#1757,.T.);
#1133=EDGE_CURVE('',#1541,#1542,#1758,.T.);
#1134=EDGE_CURVE('',#1542,#1543,#1759,.T.);
#1135=EDGE_CURVE('',#1543,#1544,#1760,.T.);
#1136=EDGE_CURVE('',#1544,#1545,#1761,.T.);
#1137=EDGE_CURVE('',#1545,#1546,#1762,.T.);
#1138=EDGE_CURVE('',#1546,#1547,#1763,.T.);
#1139=EDGE_CURVE('',#1547,#1548,#1764,.T.);
#1140=EDGE_CURVE('',#1548,#1537,#1765,.T.);
#1141=EDGE_CURVE('',#1549,#1550,#1766,.T.);
#1142=EDGE_CURVE('',#1550,#1551,#1767,.T.);
#1143=EDGE_CURVE('',#1551,#1552,#1768,.T.);
#1144=EDGE_CURVE('',#1552,#1553,#1769,.T.);
#1145=EDGE_CURVE('',#1553,#1554,#78,.F.);
#1146=EDGE_CURVE('',#1554,#1555,#1770,.T.);
#1147=EDGE_CURVE('',#1555,#1556,#1771,.T.);
#1148=EDGE_CURVE('',#1556,#1557,#1772,.T.);
#1149=EDGE_CURVE('',#1557,#1558,#1773,.T.);
#1150=EDGE_CURVE('',#1558,#1559,#1774,.T.);
#1151=EDGE_CURVE('',#1559,#1560,#1775,.T.);
#1152=EDGE_CURVE('',#1560,#1561,#79,.F.);
#1153=EDGE_CURVE('',#1561,#1562,#133,.T.);
#1154=EDGE_CURVE('',#1562,#1563,#1776,.T.);
#1155=EDGE_CURVE('',#1563,#1549,#1777,.T.);
#1156=EDGE_CURVE('',#1564,#1565,#1778,.T.);
#1157=EDGE_CURVE('',#1565,#1566,#1779,.T.);
#1158=EDGE_CURVE('',#1566,#1567,#1780,.T.);
#1159=EDGE_CURVE('',#1567,#1568,#1781,.T.);
#1160=EDGE_CURVE('',#1568,#1569,#1782,.T.);
#1161=EDGE_CURVE('',#1569,#1570,#1783,.T.);
#1162=EDGE_CURVE('',#1570,#1571,#1784,.T.);
#1163=EDGE_CURVE('',#1571,#1564,#1785,.T.);
#1164=EDGE_CURVE('',#1572,#1573,#1786,.T.);
#1165=EDGE_CURVE('',#1573,#1574,#1787,.T.);
#1166=EDGE_CURVE('',#1574,#1575,#1788,.T.);
#1167=EDGE_CURVE('',#1575,#1572,#1789,.T.);
#1168=EDGE_CURVE('',#1576,#1577,#1790,.T.);
#1169=EDGE_CURVE('',#1577,#1578,#1791,.T.);
#1170=EDGE_CURVE('',#1578,#1579,#1792,.T.);
#1171=EDGE_CURVE('',#1579,#1580,#1793,.T.);
#1172=EDGE_CURVE('',#1580,#1581,#1794,.T.);
#1173=EDGE_CURVE('',#1581,#1582,#1795,.T.);
#1174=EDGE_CURVE('',#1582,#1583,#1796,.T.);
#1175=EDGE_CURVE('',#1583,#1576,#1797,.T.);
#1176=EDGE_CURVE('',#1584,#1585,#1798,.T.);
#1177=EDGE_CURVE('',#1586,#1584,#80,.T.);
#1178=EDGE_CURVE('',#1587,#1586,#1799,.T.);
#1179=EDGE_CURVE('',#1588,#1587,#1800,.T.);
#1180=EDGE_CURVE('',#1589,#1588,#1801,.T.);
#1181=EDGE_CURVE('',#1590,#1589,#1802,.T.);
#1182=EDGE_CURVE('',#1591,#1590,#1803,.T.);
#1183=EDGE_CURVE('',#1592,#1591,#81,.T.);
#1184=EDGE_CURVE('',#1593,#1592,#1804,.T.);
#1185=EDGE_CURVE('',#1594,#1593,#1805,.T.);
#1186=EDGE_CURVE('',#1595,#1594,#82,.T.);
#1187=EDGE_CURVE('',#1585,#1595,#1806,.T.);
#1188=EDGE_CURVE('',#1596,#1597,#1807,.T.);
#1189=EDGE_CURVE('',#1597,#1598,#1808,.T.);
#1190=EDGE_CURVE('',#1598,#1599,#1809,.T.);
#1191=EDGE_CURVE('',#1599,#1596,#1810,.T.);
#1192=EDGE_CURVE('',#1600,#1601,#1811,.T.);
#1193=EDGE_CURVE('',#1601,#1602,#1812,.T.);
#1194=EDGE_CURVE('',#1602,#1603,#1813,.T.);
#1195=EDGE_CURVE('',#1603,#1604,#1814,.T.);
#1196=EDGE_CURVE('',#1604,#1605,#83,.F.);
#1197=EDGE_CURVE('',#1605,#1606,#1815,.T.);
#1198=EDGE_CURVE('',#1606,#1607,#1816,.T.);
#1199=EDGE_CURVE('',#1607,#1608,#1817,.T.);
#1200=EDGE_CURVE('',#1608,#1609,#1818,.T.);
#1201=EDGE_CURVE('',#1609,#1610,#1819,.T.);
#1202=EDGE_CURVE('',#1610,#1611,#1820,.T.);
#1203=EDGE_CURVE('',#1611,#1612,#84,.F.);
#1204=EDGE_CURVE('',#1612,#1613,#134,.T.);
#1205=EDGE_CURVE('',#1613,#1614,#1821,.T.);
#1206=EDGE_CURVE('',#1614,#1600,#1822,.T.);
#1207=EDGE_CURVE('',#1615,#1616,#135,.T.);
#1208=EDGE_CURVE('',#1616,#1617,#136,.T.);
#1209=EDGE_CURVE('',#1617,#1618,#137,.T.);
#1210=EDGE_CURVE('',#1618,#1619,#138,.T.);
#1211=EDGE_CURVE('',#1619,#1620,#1823,.T.);
#1212=EDGE_CURVE('',#1620,#1621,#85,.T.);
#1213=EDGE_CURVE('',#1621,#1622,#86,.T.);
#1214=EDGE_CURVE('',#1622,#1623,#139,.T.);
#1215=EDGE_CURVE('',#1623,#1624,#140,.T.);
#1216=EDGE_CURVE('',#1624,#1625,#141,.T.);
#1217=EDGE_CURVE('',#1625,#1626,#142,.T.);
#1218=EDGE_CURVE('',#1626,#1627,#143,.T.);
#1219=EDGE_CURVE('',#1627,#1628,#144,.T.);
#1220=EDGE_CURVE('',#1628,#1629,#145,.T.);
#1221=EDGE_CURVE('',#1629,#1630,#146,.T.);
#1222=EDGE_CURVE('',#1630,#1631,#147,.T.);
#1223=EDGE_CURVE('',#1631,#1632,#148,.T.);
#1224=EDGE_CURVE('',#1632,#1633,#1824,.T.);
#1225=EDGE_CURVE('',#1633,#1634,#149,.T.);
#1226=EDGE_CURVE('',#1634,#1635,#150,.T.);
#1227=EDGE_CURVE('',#1635,#1636,#151,.T.);
#1228=EDGE_CURVE('',#1636,#1637,#152,.T.);
#1229=EDGE_CURVE('',#1637,#1638,#153,.T.);
#1230=EDGE_CURVE('',#1638,#1639,#154,.T.);
#1231=EDGE_CURVE('',#1639,#1615,#155,.T.);
#1232=EDGE_CURVE('',#1640,#1641,#1825,.T.);
#1233=EDGE_CURVE('',#1641,#1642,#1826,.T.);
#1234=EDGE_CURVE('',#1642,#1643,#1827,.T.);
#1235=EDGE_CURVE('',#1643,#1644,#1828,.T.);
#1236=EDGE_CURVE('',#1644,#1645,#1829,.T.);
#1237=EDGE_CURVE('',#1645,#1646,#1830,.T.);
#1238=EDGE_CURVE('',#1646,#1647,#1831,.T.);
#1239=EDGE_CURVE('',#1647,#1640,#1832,.T.);
#1240=EDGE_CURVE('',#1648,#1649,#156,.T.);
#1241=EDGE_CURVE('',#1649,#1650,#157,.T.);
#1242=EDGE_CURVE('',#1650,#1651,#158,.T.);
#1243=EDGE_CURVE('',#1651,#1652,#159,.T.);
#1244=EDGE_CURVE('',#1652,#1653,#1833,.T.);
#1245=EDGE_CURVE('',#1653,#1654,#87,.T.);
#1246=EDGE_CURVE('',#1654,#1655,#88,.T.);
#1247=EDGE_CURVE('',#1655,#1656,#160,.T.);
#1248=EDGE_CURVE('',#1656,#1657,#161,.T.);
#1249=EDGE_CURVE('',#1657,#1658,#162,.T.);
#1250=EDGE_CURVE('',#1658,#1659,#163,.T.);
#1251=EDGE_CURVE('',#1659,#1660,#164,.T.);
#1252=EDGE_CURVE('',#1660,#1661,#165,.T.);
#1253=EDGE_CURVE('',#1661,#1662,#166,.T.);
#1254=EDGE_CURVE('',#1662,#1663,#167,.T.);
#1255=EDGE_CURVE('',#1663,#1664,#168,.T.);
#1256=EDGE_CURVE('',#1664,#1665,#169,.T.);
#1257=EDGE_CURVE('',#1665,#1666,#1834,.T.);
#1258=EDGE_CURVE('',#1666,#1667,#170,.T.);
#1259=EDGE_CURVE('',#1667,#1668,#171,.T.);
#1260=EDGE_CURVE('',#1668,#1669,#172,.T.);
#1261=EDGE_CURVE('',#1669,#1670,#173,.T.);
#1262=EDGE_CURVE('',#1670,#1671,#174,.T.);
#1263=EDGE_CURVE('',#1671,#1672,#175,.T.);
#1264=EDGE_CURVE('',#1672,#1648,#176,.T.);
#1265=EDGE_CURVE('',#1458,#1585,#1835,.T.);
#1266=EDGE_CURVE('',#1457,#1584,#1836,.T.);
#1267=EDGE_CURVE('',#1468,#1586,#1837,.T.);
#1268=EDGE_CURVE('',#1467,#1587,#1838,.T.);
#1269=EDGE_CURVE('',#1466,#1588,#1839,.T.);
#1270=EDGE_CURVE('',#1465,#1589,#1840,.T.);
#1271=EDGE_CURVE('',#1464,#1590,#1841,.T.);
#1272=EDGE_CURVE('',#1463,#1591,#1842,.T.);
#1273=EDGE_CURVE('',#1462,#1592,#1843,.T.);
#1274=EDGE_CURVE('',#1461,#1593,#1844,.T.);
#1275=EDGE_CURVE('',#1460,#1594,#1845,.T.);
#1276=EDGE_CURVE('',#1459,#1595,#1846,.T.);
#1277=EDGE_CURVE('',#1454,#1598,#1847,.T.);
#1278=EDGE_CURVE('',#1453,#1597,#1848,.T.);
#1279=EDGE_CURVE('',#1455,#1596,#1849,.T.);
#1280=EDGE_CURVE('',#1456,#1599,#1850,.T.);
#1281=EDGE_CURVE('',#1470,#1602,#1851,.T.);
#1282=EDGE_CURVE('',#1469,#1601,#1852,.T.);
#1283=EDGE_CURVE('',#1471,#1600,#1853,.T.);
#1284=EDGE_CURVE('',#1472,#1614,#1854,.T.);
#1285=EDGE_CURVE('',#1473,#1613,#1855,.T.);
#1286=EDGE_CURVE('',#1474,#1612,#1856,.T.);
#1287=EDGE_CURVE('',#1475,#1611,#1857,.T.);
#1288=EDGE_CURVE('',#1476,#1610,#1858,.T.);
#1289=EDGE_CURVE('',#1477,#1609,#1859,.T.);
#1290=EDGE_CURVE('',#1478,#1608,#1860,.T.);
#1291=EDGE_CURVE('',#1479,#1607,#1861,.T.);
#1292=EDGE_CURVE('',#1480,#1606,#1862,.T.);
#1293=EDGE_CURVE('',#1481,#1605,#1863,.T.);
#1294=EDGE_CURVE('',#1482,#1604,#1864,.T.);
#1295=EDGE_CURVE('',#1483,#1603,#1865,.T.);
#1296=EDGE_CURVE('',#1429,#1617,#1866,.T.);
#1297=EDGE_CURVE('',#1428,#1616,#1867,.T.);
#1298=EDGE_CURVE('',#1430,#1615,#1868,.T.);
#1299=EDGE_CURVE('',#1431,#1639,#1869,.T.);
#1300=EDGE_CURVE('',#1432,#1638,#1870,.T.);
#1301=EDGE_CURVE('',#1433,#1637,#1871,.T.);
#1302=EDGE_CURVE('',#1434,#1636,#1872,.T.);
#1303=EDGE_CURVE('',#1435,#1635,#1873,.T.);
#1304=EDGE_CURVE('',#1436,#1634,#1874,.T.);
#1305=EDGE_CURVE('',#1437,#1633,#1875,.T.);
#1306=EDGE_CURVE('',#1438,#1632,#1876,.T.);
#1307=EDGE_CURVE('',#1439,#1631,#1877,.T.);
#1308=EDGE_CURVE('',#1440,#1630,#1878,.T.);
#1309=EDGE_CURVE('',#1441,#1629,#1879,.T.);
#1310=EDGE_CURVE('',#1442,#1628,#1880,.T.);
#1311=EDGE_CURVE('',#1443,#1627,#1881,.T.);
#1312=EDGE_CURVE('',#1444,#1626,#1882,.T.);
#1313=EDGE_CURVE('',#1445,#1625,#1883,.T.);
#1314=EDGE_CURVE('',#1446,#1624,#1884,.T.);
#1315=EDGE_CURVE('',#1447,#1623,#1885,.T.);
#1316=EDGE_CURVE('',#1448,#1622,#1886,.T.);
#1317=EDGE_CURVE('',#1449,#1621,#1887,.T.);
#1318=EDGE_CURVE('',#1450,#1620,#1888,.T.);
#1319=EDGE_CURVE('',#1451,#1619,#1889,.T.);
#1320=EDGE_CURVE('',#1452,#1618,#1890,.T.);
#1321=EDGE_CURVE('',#1485,#1578,#1891,.T.);
#1322=EDGE_CURVE('',#1484,#1577,#1892,.T.);
#1323=EDGE_CURVE('',#1486,#1576,#1893,.T.);
#1324=EDGE_CURVE('',#1487,#1583,#1894,.T.);
#1325=EDGE_CURVE('',#1488,#1582,#1895,.T.);
#1326=EDGE_CURVE('',#1489,#1581,#1896,.T.);
#1327=EDGE_CURVE('',#1490,#1580,#1897,.T.);
#1328=EDGE_CURVE('',#1491,#1579,#1898,.T.);
#1329=EDGE_CURVE('',#1425,#1574,#1899,.T.);
#1330=EDGE_CURVE('',#1424,#1573,#1900,.T.);
#1331=EDGE_CURVE('',#1426,#1572,#1901,.T.);
#1332=EDGE_CURVE('',#1427,#1575,#1902,.T.);
#1333=EDGE_CURVE('',#1493,#1566,#1903,.T.);
#1334=EDGE_CURVE('',#1492,#1565,#1904,.T.);
#1335=EDGE_CURVE('',#1494,#1564,#1905,.T.);
#1336=EDGE_CURVE('',#1495,#1571,#1906,.T.);
#1337=EDGE_CURVE('',#1496,#1570,#1907,.T.);
#1338=EDGE_CURVE('',#1497,#1569,#1908,.T.);
#1339=EDGE_CURVE('',#1498,#1568,#1909,.T.);
#1340=EDGE_CURVE('',#1499,#1567,#1910,.T.);
#1341=EDGE_CURVE('',#1410,#1551,#1911,.T.);
#1342=EDGE_CURVE('',#1409,#1550,#1912,.T.);
#1343=EDGE_CURVE('',#1411,#1549,#1913,.T.);
#1344=EDGE_CURVE('',#1412,#1563,#1914,.T.);
#1345=EDGE_CURVE('',#1413,#1562,#1915,.T.);
#1346=EDGE_CURVE('',#1414,#1561,#1916,.T.);
#1347=EDGE_CURVE('',#1415,#1560,#1917,.T.);
#1348=EDGE_CURVE('',#1416,#1559,#1918,.T.);
#1349=EDGE_CURVE('',#1417,#1558,#1919,.T.);
#1350=EDGE_CURVE('',#1418,#1557,#1920,.T.);
#1351=EDGE_CURVE('',#1419,#1556,#1921,.T.);
#1352=EDGE_CURVE('',#1420,#1555,#1922,.T.);
#1353=EDGE_CURVE('',#1421,#1554,#1923,.T.);
#1354=EDGE_CURVE('',#1422,#1553,#1924,.T.);
#1355=EDGE_CURVE('',#1423,#1552,#1925,.T.);
#1356=EDGE_CURVE('',#1501,#1539,#1926,.T.);
#1357=EDGE_CURVE('',#1500,#1538,#1927,.T.);
#1358=EDGE_CURVE('',#1502,#1537,#1928,.T.);
#1359=EDGE_CURVE('',#1503,#1548,#1929,.T.);
#1360=EDGE_CURVE('',#1504,#1547,#1930,.T.);
#1361=EDGE_CURVE('',#1505,#1546,#1931,.T.);
#1362=EDGE_CURVE('',#1506,#1545,#1932,.T.);
#1363=EDGE_CURVE('',#1507,#1544,#1933,.T.);
#1364=EDGE_CURVE('',#1508,#1543,#1934,.T.);
#1365=EDGE_CURVE('',#1509,#1542,#1935,.T.);
#1366=EDGE_CURVE('',#1510,#1541,#1936,.T.);
#1367=EDGE_CURVE('',#1511,#1540,#1937,.T.);
#1368=EDGE_CURVE('',#1402,#1642,#1938,.T.);
#1369=EDGE_CURVE('',#1401,#1641,#1939,.T.);
#1370=EDGE_CURVE('',#1403,#1640,#1940,.T.);
#1371=EDGE_CURVE('',#1404,#1647,#1941,.T.);
#1372=EDGE_CURVE('',#1405,#1646,#1942,.T.);
#1373=EDGE_CURVE('',#1406,#1645,#1943,.T.);
#1374=EDGE_CURVE('',#1407,#1644,#1944,.T.);
#1375=EDGE_CURVE('',#1408,#1643,#1945,.T.);
#1376=EDGE_CURVE('',#1513,#1650,#1946,.T.);
#1377=EDGE_CURVE('',#1512,#1649,#1947,.T.);
#1378=EDGE_CURVE('',#1514,#1648,#1948,.T.);
#1379=EDGE_CURVE('',#1515,#1672,#1949,.T.);
#1380=EDGE_CURVE('',#1516,#1671,#1950,.T.);
#1381=EDGE_CURVE('',#1517,#1670,#1951,.T.);
#1382=EDGE_CURVE('',#1518,#1669,#1952,.T.);
#1383=EDGE_CURVE('',#1519,#1668,#1953,.T.);
#1384=EDGE_CURVE('',#1520,#1667,#1954,.T.);
#1385=EDGE_CURVE('',#1521,#1666,#1955,.T.);
#1386=EDGE_CURVE('',#1522,#1665,#1956,.T.);
#1387=EDGE_CURVE('',#1523,#1664,#1957,.T.);
#1388=EDGE_CURVE('',#1524,#1663,#1958,.T.);
#1389=EDGE_CURVE('',#1525,#1662,#1959,.T.);
#1390=EDGE_CURVE('',#1526,#1661,#1960,.T.);
#1391=EDGE_CURVE('',#1527,#1660,#1961,.T.);
#1392=EDGE_CURVE('',#1528,#1659,#1962,.T.);
#1393=EDGE_CURVE('',#1529,#1658,#1963,.T.);
#1394=EDGE_CURVE('',#1530,#1657,#1964,.T.);
#1395=EDGE_CURVE('',#1531,#1656,#1965,.T.);
#1396=EDGE_CURVE('',#1532,#1655,#1966,.T.);
#1397=EDGE_CURVE('',#1533,#1654,#1967,.T.);
#1398=EDGE_CURVE('',#1534,#1653,#1968,.T.);
#1399=EDGE_CURVE('',#1535,#1652,#1969,.T.);
#1400=EDGE_CURVE('',#1536,#1651,#1970,.T.);
#1401=VERTEX_POINT('',#3470);
#1402=VERTEX_POINT('',#3471);
#1403=VERTEX_POINT('',#3473);
#1404=VERTEX_POINT('',#3475);
#1405=VERTEX_POINT('',#3477);
#1406=VERTEX_POINT('',#3479);
#1407=VERTEX_POINT('',#3481);
#1408=VERTEX_POINT('',#3483);
#1409=VERTEX_POINT('',#3486);
#1410=VERTEX_POINT('',#3487);
#1411=VERTEX_POINT('',#3489);
#1412=VERTEX_POINT('',#3491);
#1413=VERTEX_POINT('',#3493);
#1414=VERTEX_POINT('',#3497);
#1415=VERTEX_POINT('',#3499);
#1416=VERTEX_POINT('',#3501);
#1417=VERTEX_POINT('',#3503);
#1418=VERTEX_POINT('',#3505);
#1419=VERTEX_POINT('',#3507);
#1420=VERTEX_POINT('',#3509);
#1421=VERTEX_POINT('',#3511);
#1422=VERTEX_POINT('',#3513);
#1423=VERTEX_POINT('',#3515);
#1424=VERTEX_POINT('',#3518);
#1425=VERTEX_POINT('',#3519);
#1426=VERTEX_POINT('',#3521);
#1427=VERTEX_POINT('',#3523);
#1428=VERTEX_POINT('',#3528);
#1429=VERTEX_POINT('',#3529);
#1430=VERTEX_POINT('',#3533);
#1431=VERTEX_POINT('',#3537);
#1432=VERTEX_POINT('',#3541);
#1433=VERTEX_POINT('',#3545);
#1434=VERTEX_POINT('',#3549);
#1435=VERTEX_POINT('',#3553);
#1436=VERTEX_POINT('',#3557);
#1437=VERTEX_POINT('',#3561);
#1438=VERTEX_POINT('',#3563);
#1439=VERTEX_POINT('',#3567);
#1440=VERTEX_POINT('',#3571);
#1441=VERTEX_POINT('',#3575);
#1442=VERTEX_POINT('',#3579);
#1443=VERTEX_POINT('',#3583);
#1444=VERTEX_POINT('',#3587);
#1445=VERTEX_POINT('',#3591);
#1446=VERTEX_POINT('',#3595);
#1447=VERTEX_POINT('',#3599);
#1448=VERTEX_POINT('',#3603);
#1449=VERTEX_POINT('',#3605);
#1450=VERTEX_POINT('',#3607);
#1451=VERTEX_POINT('',#3609);
#1452=VERTEX_POINT('',#3613);
#1453=VERTEX_POINT('',#3618);
#1454=VERTEX_POINT('',#3619);
#1455=VERTEX_POINT('',#3621);
#1456=VERTEX_POINT('',#3623);
#1457=VERTEX_POINT('',#3626);
#1458=VERTEX_POINT('',#3627);
#1459=VERTEX_POINT('',#3629);
#1460=VERTEX_POINT('',#3631);
#1461=VERTEX_POINT('',#3633);
#1462=VERTEX_POINT('',#3635);
#1463=VERTEX_POINT('',#3637);
#1464=VERTEX_POINT('',#3639);
#1465=VERTEX_POINT('',#3641);
#1466=VERTEX_POINT('',#3643);
#1467=VERTEX_POINT('',#3645);
#1468=VERTEX_POINT('',#3647);
#1469=VERTEX_POINT('',#3650);
#1470=VERTEX_POINT('',#3651);
#1471=VERTEX_POINT('',#3653);
#1472=VERTEX_POINT('',#3655);
#1473=VERTEX_POINT('',#3657);
#1474=VERTEX_POINT('',#3661);
#1475=VERTEX_POINT('',#3663);
#1476=VERTEX_POINT('',#3665);
#1477=VERTEX_POINT('',#3667);
#1478=VERTEX_POINT('',#3669);
#1479=VERTEX_POINT('',#3671);
#1480=VERTEX_POINT('',#3673);
#1481=VERTEX_POINT('',#3675);
#1482=VERTEX_POINT('',#3677);
#1483=VERTEX_POINT('',#3679);
#1484=VERTEX_POINT('',#3682);
#1485=VERTEX_POINT('',#3683);
#1486=VERTEX_POINT('',#3685);
#1487=VERTEX_POINT('',#3687);
#1488=VERTEX_POINT('',#3689);
#1489=VERTEX_POINT('',#3691);
#1490=VERTEX_POINT('',#3693);
#1491=VERTEX_POINT('',#3695);
#1492=VERTEX_POINT('',#3698);
#1493=VERTEX_POINT('',#3699);
#1494=VERTEX_POINT('',#3701);
#1495=VERTEX_POINT('',#3703);
#1496=VERTEX_POINT('',#3705);
#1497=VERTEX_POINT('',#3707);
#1498=VERTEX_POINT('',#3709);
#1499=VERTEX_POINT('',#3711);
#1500=VERTEX_POINT('',#3714);
#1501=VERTEX_POINT('',#3715);
#1502=VERTEX_POINT('',#3717);
#1503=VERTEX_POINT('',#3719);
#1504=VERTEX_POINT('',#3721);
#1505=VERTEX_POINT('',#3723);
#1506=VERTEX_POINT('',#3725);
#1507=VERTEX_POINT('',#3727);
#1508=VERTEX_POINT('',#3729);
#1509=VERTEX_POINT('',#3731);
#1510=VERTEX_POINT('',#3733);
#1511=VERTEX_POINT('',#3735);
#1512=VERTEX_POINT('',#3740);
#1513=VERTEX_POINT('',#3741);
#1514=VERTEX_POINT('',#3745);
#1515=VERTEX_POINT('',#3749);
#1516=VERTEX_POINT('',#3753);
#1517=VERTEX_POINT('',#3757);
#1518=VERTEX_POINT('',#3761);
#1519=VERTEX_POINT('',#3765);
#1520=VERTEX_POINT('',#3769);
#1521=VERTEX_POINT('',#3773);
#1522=VERTEX_POINT('',#3775);
#1523=VERTEX_POINT('',#3779);
#1524=VERTEX_POINT('',#3783);
#1525=VERTEX_POINT('',#3787);
#1526=VERTEX_POINT('',#3791);
#1527=VERTEX_POINT('',#3795);
#1528=VERTEX_POINT('',#3799);
#1529=VERTEX_POINT('',#3803);
#1530=VERTEX_POINT('',#3807);
#1531=VERTEX_POINT('',#3811);
#1532=VERTEX_POINT('',#3815);
#1533=VERTEX_POINT('',#3817);
#1534=VERTEX_POINT('',#3819);
#1535=VERTEX_POINT('',#3821);
#1536=VERTEX_POINT('',#3825);
#1537=VERTEX_POINT('',#3831);
#1538=VERTEX_POINT('',#3832);
#1539=VERTEX_POINT('',#3834);
#1540=VERTEX_POINT('',#3836);
#1541=VERTEX_POINT('',#3838);
#1542=VERTEX_POINT('',#3840);
#1543=VERTEX_POINT('',#3842);
#1544=VERTEX_POINT('',#3844);
#1545=VERTEX_POINT('',#3846);
#1546=VERTEX_POINT('',#3848);
#1547=VERTEX_POINT('',#3850);
#1548=VERTEX_POINT('',#3852);
#1549=VERTEX_POINT('',#3855);
#1550=VERTEX_POINT('',#3856);
#1551=VERTEX_POINT('',#3858);
#1552=VERTEX_POINT('',#3860);
#1553=VERTEX_POINT('',#3862);
#1554=VERTEX_POINT('',#3864);
#1555=VERTEX_POINT('',#3866);
#1556=VERTEX_POINT('',#3868);
#1557=VERTEX_POINT('',#3870);
#1558=VERTEX_POINT('',#3872);
#1559=VERTEX_POINT('',#3874);
#1560=VERTEX_POINT('',#3876);
#1561=VERTEX_POINT('',#3878);
#1562=VERTEX_POINT('',#3882);
#1563=VERTEX_POINT('',#3884);
#1564=VERTEX_POINT('',#3887);
#1565=VERTEX_POINT('',#3888);
#1566=VERTEX_POINT('',#3890);
#1567=VERTEX_POINT('',#3892);
#1568=VERTEX_POINT('',#3894);
#1569=VERTEX_POINT('',#3896);
#1570=VERTEX_POINT('',#3898);
#1571=VERTEX_POINT('',#3900);
#1572=VERTEX_POINT('',#3903);
#1573=VERTEX_POINT('',#3904);
#1574=VERTEX_POINT('',#3906);
#1575=VERTEX_POINT('',#3908);
#1576=VERTEX_POINT('',#3911);
#1577=VERTEX_POINT('',#3912);
#1578=VERTEX_POINT('',#3914);
#1579=VERTEX_POINT('',#3916);
#1580=VERTEX_POINT('',#3918);
#1581=VERTEX_POINT('',#3920);
#1582=VERTEX_POINT('',#3922);
#1583=VERTEX_POINT('',#3924);
#1584=VERTEX_POINT('',#3927);
#1585=VERTEX_POINT('',#3928);
#1586=VERTEX_POINT('',#3930);
#1587=VERTEX_POINT('',#3932);
#1588=VERTEX_POINT('',#3934);
#1589=VERTEX_POINT('',#3936);
#1590=VERTEX_POINT('',#3938);
#1591=VERTEX_POINT('',#3940);
#1592=VERTEX_POINT('',#3942);
#1593=VERTEX_POINT('',#3944);
#1594=VERTEX_POINT('',#3946);
#1595=VERTEX_POINT('',#3948);
#1596=VERTEX_POINT('',#3951);
#1597=VERTEX_POINT('',#3952);
#1598=VERTEX_POINT('',#3954);
#1599=VERTEX_POINT('',#3956);
#1600=VERTEX_POINT('',#3959);
#1601=VERTEX_POINT('',#3960);
#1602=VERTEX_POINT('',#3962);
#1603=VERTEX_POINT('',#3964);
#1604=VERTEX_POINT('',#3966);
#1605=VERTEX_POINT('',#3968);
#1606=VERTEX_POINT('',#3970);
#1607=VERTEX_POINT('',#3972);
#1608=VERTEX_POINT('',#3974);
#1609=VERTEX_POINT('',#3976);
#1610=VERTEX_POINT('',#3978);
#1611=VERTEX_POINT('',#3980);
#1612=VERTEX_POINT('',#3982);
#1613=VERTEX_POINT('',#3986);
#1614=VERTEX_POINT('',#3988);
#1615=VERTEX_POINT('',#3993);
#1616=VERTEX_POINT('',#3994);
#1617=VERTEX_POINT('',#3998);
#1618=VERTEX_POINT('',#4002);
#1619=VERTEX_POINT('',#4006);
#1620=VERTEX_POINT('',#4008);
#1621=VERTEX_POINT('',#4010);
#1622=VERTEX_POINT('',#4012);
#1623=VERTEX_POINT('',#4016);
#1624=VERTEX_POINT('',#4020);
#1625=VERTEX_POINT('',#4024);
#1626=VERTEX_POINT('',#4028);
#1627=VERTEX_POINT('',#4032);
#1628=VERTEX_POINT('',#4036);
#1629=VERTEX_POINT('',#4040);
#1630=VERTEX_POINT('',#4044);
#1631=VERTEX_POINT('',#4048);
#1632=VERTEX_POINT('',#4052);
#1633=VERTEX_POINT('',#4054);
#1634=VERTEX_POINT('',#4058);
#1635=VERTEX_POINT('',#4062);
#1636=VERTEX_POINT('',#4066);
#1637=VERTEX_POINT('',#4070);
#1638=VERTEX_POINT('',#4074);
#1639=VERTEX_POINT('',#4078);
#1640=VERTEX_POINT('',#4083);
#1641=VERTEX_POINT('',#4084);
#1642=VERTEX_POINT('',#4086);
#1643=VERTEX_POINT('',#4088);
#1644=VERTEX_POINT('',#4090);
#1645=VERTEX_POINT('',#4092);
#1646=VERTEX_POINT('',#4094);
#1647=VERTEX_POINT('',#4096);
#1648=VERTEX_POINT('',#4101);
#1649=VERTEX_POINT('',#4102);
#1650=VERTEX_POINT('',#4106);
#1651=VERTEX_POINT('',#4110);
#1652=VERTEX_POINT('',#4114);
#1653=VERTEX_POINT('',#4116);
#1654=VERTEX_POINT('',#4118);
#1655=VERTEX_POINT('',#4120);
#1656=VERTEX_POINT('',#4124);
#1657=VERTEX_POINT('',#4128);
#1658=VERTEX_POINT('',#4132);
#1659=VERTEX_POINT('',#4136);
#1660=VERTEX_POINT('',#4140);
#1661=VERTEX_POINT('',#4144);
#1662=VERTEX_POINT('',#4148);
#1663=VERTEX_POINT('',#4152);
#1664=VERTEX_POINT('',#4156);
#1665=VERTEX_POINT('',#4160);
#1666=VERTEX_POINT('',#4162);
#1667=VERTEX_POINT('',#4166);
#1668=VERTEX_POINT('',#4170);
#1669=VERTEX_POINT('',#4174);
#1670=VERTEX_POINT('',#4178);
#1671=VERTEX_POINT('',#4182);
#1672=VERTEX_POINT('',#4186);
#1673=LINE('',#3469,#1971);
#1674=LINE('',#3472,#1972);
#1675=LINE('',#3474,#1973);
#1676=LINE('',#3476,#1974);
#1677=LINE('',#3478,#1975);
#1678=LINE('',#3480,#1976);
#1679=LINE('',#3482,#1977);
#1680=LINE('',#3484,#1978);
#1681=LINE('',#3485,#1979);
#1682=LINE('',#3488,#1980);
#1683=LINE('',#3490,#1981);
#1684=LINE('',#3492,#1982);
#1685=LINE('',#3500,#1983);
#1686=LINE('',#3502,#1984);
#1687=LINE('',#3504,#1985);
#1688=LINE('',#3506,#1986);
#1689=LINE('',#3508,#1987);
#1690=LINE('',#3510,#1988);
#1691=LINE('',#3514,#1989);
#1692=LINE('',#3516,#1990);
#1693=LINE('',#3517,#1991);
#1694=LINE('',#3520,#1992);
#1695=LINE('',#3522,#1993);
#1696=LINE('',#3524,#1994);
#1697=LINE('',#3562,#1995);
#1698=LINE('',#3608,#1996);
#1699=LINE('',#3617,#1997);
#1700=LINE('',#3620,#1998);
#1701=LINE('',#3622,#1999);
#1702=LINE('',#3624,#2000);
#1703=LINE('',#3625,#2001);
#1704=LINE('',#3628,#2002);
#1705=LINE('',#3632,#2003);
#1706=LINE('',#3634,#2004);
#1707=LINE('',#3638,#2005);
#1708=LINE('',#3640,#2006);
#1709=LINE('',#3642,#2007);
#1710=LINE('',#3644,#2008);
#1711=LINE('',#3646,#2009);
#1712=LINE('',#3649,#2010);
#1713=LINE('',#3652,#2011);
#1714=LINE('',#3654,#2012);
#1715=LINE('',#3656,#2013);
#1716=LINE('',#3664,#2014);
#1717=LINE('',#3666,#2015);
#1718=LINE('',#3668,#2016);
#1719=LINE('',#3670,#2017);
#1720=LINE('',#3672,#2018);
#1721=LINE('',#3674,#2019);
#1722=LINE('',#3678,#2020);
#1723=LINE('',#3680,#2021);
#1724=LINE('',#3681,#2022);
#1725=LINE('',#3684,#2023);
#1726=LINE('',#3686,#2024);
#1727=LINE('',#3688,#2025);
#1728=LINE('',#3690,#2026);
#1729=LINE('',#3692,#2027);
#1730=LINE('',#3694,#2028);
#1731=LINE('',#3696,#2029);
#1732=LINE('',#3697,#2030);
#1733=LINE('',#3700,#2031);
#1734=LINE('',#3702,#2032);
#1735=LINE('',#3704,#2033);
#1736=LINE('',#3706,#2034);
#1737=LINE('',#3708,#2035);
#1738=LINE('',#3710,#2036);
#1739=LINE('',#3712,#2037);
#1740=LINE('',#3713,#2038);
#1741=LINE('',#3716,#2039);
#1742=LINE('',#3718,#2040);
#1743=LINE('',#3720,#2041);
#1744=LINE('',#3722,#2042);
#1745=LINE('',#3724,#2043);
#1746=LINE('',#3726,#2044);
#1747=LINE('',#3728,#2045);
#1748=LINE('',#3730,#2046);
#1749=LINE('',#3732,#2047);
#1750=LINE('',#3734,#2048);
#1751=LINE('',#3736,#2049);
#1752=LINE('',#3774,#2050);
#1753=LINE('',#3820,#2051);
#1754=LINE('',#3830,#2052);
#1755=LINE('',#3833,#2053);
#1756=LINE('',#3835,#2054);
#1757=LINE('',#3837,#2055);
#1758=LINE('',#3839,#2056);
#1759=LINE('',#3841,#2057);
#1760=LINE('',#3843,#2058);
#1761=LINE('',#3845,#2059);
#1762=LINE('',#3847,#2060);
#1763=LINE('',#3849,#2061);
#1764=LINE('',#3851,#2062);
#1765=LINE('',#3853,#2063);
#1766=LINE('',#3854,#2064);
#1767=LINE('',#3857,#2065);
#1768=LINE('',#3859,#2066);
#1769=LINE('',#3861,#2067);
#1770=LINE('',#3865,#2068);
#1771=LINE('',#3867,#2069);
#1772=LINE('',#3869,#2070);
#1773=LINE('',#3871,#2071);
#1774=LINE('',#3873,#2072);
#1775=LINE('',#3875,#2073);
#1776=LINE('',#3883,#2074);
#1777=LINE('',#3885,#2075);
#1778=LINE('',#3886,#2076);
#1779=LINE('',#3889,#2077);
#1780=LINE('',#3891,#2078);
#1781=LINE('',#3893,#2079);
#1782=LINE('',#3895,#2080);
#1783=LINE('',#3897,#2081);
#1784=LINE('',#3899,#2082);
#1785=LINE('',#3901,#2083);
#1786=LINE('',#3902,#2084);
#1787=LINE('',#3905,#2085);
#1788=LINE('',#3907,#2086);
#1789=LINE('',#3909,#2087);
#1790=LINE('',#3910,#2088);
#1791=LINE('',#3913,#2089);
#1792=LINE('',#3915,#2090);
#1793=LINE('',#3917,#2091);
#1794=LINE('',#3919,#2092);
#1795=LINE('',#3921,#2093);
#1796=LINE('',#3923,#2094);
#1797=LINE('',#3925,#2095);
#1798=LINE('',#3926,#2096);
#1799=LINE('',#3931,#2097);
#1800=LINE('',#3933,#2098);
#1801=LINE('',#3935,#2099);
#1802=LINE('',#3937,#2100);
#1803=LINE('',#3939,#2101);
#1804=LINE('',#3943,#2102);
#1805=LINE('',#3945,#2103);
#1806=LINE('',#3949,#2104);
#1807=LINE('',#3950,#2105);
#1808=LINE('',#3953,#2106);
#1809=LINE('',#3955,#2107);
#1810=LINE('',#3957,#2108);
#1811=LINE('',#3958,#2109);
#1812=LINE('',#3961,#2110);
#1813=LINE('',#3963,#2111);
#1814=LINE('',#3965,#2112);
#1815=LINE('',#3969,#2113);
#1816=LINE('',#3971,#2114);
#1817=LINE('',#3973,#2115);
#1818=LINE('',#3975,#2116);
#1819=LINE('',#3977,#2117);
#1820=LINE('',#3979,#2118);
#1821=LINE('',#3987,#2119);
#1822=LINE('',#3989,#2120);
#1823=LINE('',#4007,#2121);
#1824=LINE('',#4053,#2122);
#1825=LINE('',#4082,#2123);
#1826=LINE('',#4085,#2124);
#1827=LINE('',#4087,#2125);
#1828=LINE('',#4089,#2126);
#1829=LINE('',#4091,#2127);
#1830=LINE('',#4093,#2128);
#1831=LINE('',#4095,#2129);
#1832=LINE('',#4097,#2130);
#1833=LINE('',#4115,#2131);
#1834=LINE('',#4161,#2132);
#1835=LINE('',#4191,#2133);
#1836=LINE('',#4192,#2134);
#1837=LINE('',#4194,#2135);
#1838=LINE('',#4196,#2136);
#1839=LINE('',#4198,#2137);
#1840=LINE('',#4200,#2138);
#1841=LINE('',#4202,#2139);
#1842=LINE('',#4204,#2140);
#1843=LINE('',#4206,#2141);
#1844=LINE('',#4208,#2142);
#1845=LINE('',#4210,#2143);
#1846=LINE('',#4212,#2144);
#1847=LINE('',#4215,#2145);
#1848=LINE('',#4216,#2146);
#1849=LINE('',#4218,#2147);
#1850=LINE('',#4220,#2148);
#1851=LINE('',#4223,#2149);
#1852=LINE('',#4224,#2150);
#1853=LINE('',#4226,#2151);
#1854=LINE('',#4228,#2152);
#1855=LINE('',#4230,#2153);
#1856=LINE('',#4239,#2154);
#1857=LINE('',#4241,#2155);
#1858=LINE('',#4243,#2156);
#1859=LINE('',#4245,#2157);
#1860=LINE('',#4247,#2158);
#1861=LINE('',#4249,#2159);
#1862=LINE('',#4251,#2160);
#1863=LINE('',#4253,#2161);
#1864=LINE('',#4255,#2162);
#1865=LINE('',#4257,#2163);
#1866=LINE('',#4267,#2164);
#1867=LINE('',#4268,#2165);
#1868=LINE('',#4277,#2166);
#1869=LINE('',#4286,#2167);
#1870=LINE('',#4295,#2168);
#1871=LINE('',#4304,#2169);
#1872=LINE('',#4313,#2170);
#1873=LINE('',#4322,#2171);
#1874=LINE('',#4331,#2172);
#1875=LINE('',#4340,#2173);
#1876=LINE('',#4342,#2174);
#1877=LINE('',#4351,#2175);
#1878=LINE('',#4360,#2176);
#1879=LINE('',#4369,#2177);
#1880=LINE('',#4378,#2178);
#1881=LINE('',#4387,#2179);
#1882=LINE('',#4396,#2180);
#1883=LINE('',#4405,#2181);
#1884=LINE('',#4414,#2182);
#1885=LINE('',#4423,#2183);
#1886=LINE('',#4432,#2184);
#1887=LINE('',#4434,#2185);
#1888=LINE('',#4436,#2186);
#1889=LINE('',#4438,#2187);
#1890=LINE('',#4447,#2188);
#1891=LINE('',#4457,#2189);
#1892=LINE('',#4458,#2190);
#1893=LINE('',#4460,#2191);
#1894=LINE('',#4462,#2192);
#1895=LINE('',#4464,#2193);
#1896=LINE('',#4466,#2194);
#1897=LINE('',#4468,#2195);
#1898=LINE('',#4470,#2196);
#1899=LINE('',#4473,#2197);
#1900=LINE('',#4474,#2198);
#1901=LINE('',#4476,#2199);
#1902=LINE('',#4478,#2200);
#1903=LINE('',#4481,#2201);
#1904=LINE('',#4482,#2202);
#1905=LINE('',#4484,#2203);
#1906=LINE('',#4486,#2204);
#1907=LINE('',#4488,#2205);
#1908=LINE('',#4490,#2206);
#1909=LINE('',#4492,#2207);
#1910=LINE('',#4494,#2208);
#1911=LINE('',#4497,#2209);
#1912=LINE('',#4498,#2210);
#1913=LINE('',#4500,#2211);
#1914=LINE('',#4502,#2212);
#1915=LINE('',#4504,#2213);
#1916=LINE('',#4513,#2214);
#1917=LINE('',#4515,#2215);
#1918=LINE('',#4517,#2216);
#1919=LINE('',#4519,#2217);
#1920=LINE('',#4521,#2218);
#1921=LINE('',#4523,#2219);
#1922=LINE('',#4525,#2220);
#1923=LINE('',#4527,#2221);
#1924=LINE('',#4529,#2222);
#1925=LINE('',#4531,#2223);
#1926=LINE('',#4534,#2224);
#1927=LINE('',#4535,#2225);
#1928=LINE('',#4537,#2226);
#1929=LINE('',#4539,#2227);
#1930=LINE('',#4541,#2228);
#1931=LINE('',#4543,#2229);
#1932=LINE('',#4545,#2230);
#1933=LINE('',#4547,#2231);
#1934=LINE('',#4549,#2232);
#1935=LINE('',#4551,#2233);
#1936=LINE('',#4553,#2234);
#1937=LINE('',#4555,#2235);
#1938=LINE('',#4558,#2236);
#1939=LINE('',#4559,#2237);
#1940=LINE('',#4561,#2238);
#1941=LINE('',#4563,#2239);
#1942=LINE('',#4565,#2240);
#1943=LINE('',#4567,#2241);
#1944=LINE('',#4569,#2242);
#1945=LINE('',#4571,#2243);
#1946=LINE('',#4581,#2244);
#1947=LINE('',#4582,#2245);
#1948=LINE('',#4591,#2246);
#1949=LINE('',#4600,#2247);
#1950=LINE('',#4609,#2248);
#1951=LINE('',#4618,#2249);
#1952=LINE('',#4627,#2250);
#1953=LINE('',#4636,#2251);
#1954=LINE('',#4645,#2252);
#1955=LINE('',#4654,#2253);
#1956=LINE('',#4656,#2254);
#1957=LINE('',#4665,#2255);
#1958=LINE('',#4674,#2256);
#1959=LINE('',#4683,#2257);
#1960=LINE('',#4692,#2258);
#1961=LINE('',#4701,#2259);
#1962=LINE('',#4710,#2260);
#1963=LINE('',#4719,#2261);
#1964=LINE('',#4728,#2262);
#1965=LINE('',#4737,#2263);
#1966=LINE('',#4746,#2264);
#1967=LINE('',#4748,#2265);
#1968=LINE('',#4750,#2266);
#1969=LINE('',#4752,#2267);
#1970=LINE('',#4761,#2268);
#1971=VECTOR('',#2939,1.);
#1972=VECTOR('',#2940,1.);
#1973=VECTOR('',#2941,1.);
#1974=VECTOR('',#2942,1.);
#1975=VECTOR('',#2943,1.);
#1976=VECTOR('',#2944,1.);
#1977=VECTOR('',#2945,1.);
#1978=VECTOR('',#2946,1.);
#1979=VECTOR('',#2947,1.);
#1980=VECTOR('',#2948,1.);
#1981=VECTOR('',#2949,1.);
#1982=VECTOR('',#2950,1.);
#1983=VECTOR('',#2953,1.);
#1984=VECTOR('',#2954,1.);
#1985=VECTOR('',#2955,1.);
#1986=VECTOR('',#2956,1.);
#1987=VECTOR('',#2957,1.);
#1988=VECTOR('',#2958,1.);
#1989=VECTOR('',#2961,1.);
#1990=VECTOR('',#2962,1.);
#1991=VECTOR('',#2963,1.);
#1992=VECTOR('',#2964,1.);
#1993=VECTOR('',#2965,1.);
#1994=VECTOR('',#2966,1.);
#1995=VECTOR('',#2967,1.);
#1996=VECTOR('',#2972,1.);
#1997=VECTOR('',#2973,1.);
#1998=VECTOR('',#2974,1.);
#1999=VECTOR('',#2975,1.);
#2000=VECTOR('',#2976,1.);
#2001=VECTOR('',#2977,1.);
#2002=VECTOR('',#2978,1.);
#2003=VECTOR('',#2981,1.);
#2004=VECTOR('',#2982,1.);
#2005=VECTOR('',#2985,1.);
#2006=VECTOR('',#2986,1.);
#2007=VECTOR('',#2987,1.);
#2008=VECTOR('',#2988,1.);
#2009=VECTOR('',#2989,1.);
#2010=VECTOR('',#2992,1.);
#2011=VECTOR('',#2993,1.);
#2012=VECTOR('',#2994,1.);
#2013=VECTOR('',#2995,1.);
#2014=VECTOR('',#2998,1.);
#2015=VECTOR('',#2999,1.);
#2016=VECTOR('',#3000,1.);
#2017=VECTOR('',#3001,1.);
#2018=VECTOR('',#3002,1.);
#2019=VECTOR('',#3003,1.);
#2020=VECTOR('',#3006,1.);
#2021=VECTOR('',#3007,1.);
#2022=VECTOR('',#3008,1.);
#2023=VECTOR('',#3009,1.);
#2024=VECTOR('',#3010,1.);
#2025=VECTOR('',#3011,1.);
#2026=VECTOR('',#3012,1.);
#2027=VECTOR('',#3013,1.);
#2028=VECTOR('',#3014,1.);
#2029=VECTOR('',#3015,1.);
#2030=VECTOR('',#3016,1.);
#2031=VECTOR('',#3017,1.);
#2032=VECTOR('',#3018,1.);
#2033=VECTOR('',#3019,1.);
#2034=VECTOR('',#3020,1.);
#2035=VECTOR('',#3021,1.);
#2036=VECTOR('',#3022,1.);
#2037=VECTOR('',#3023,1.);
#2038=VECTOR('',#3024,1.);
#2039=VECTOR('',#3025,1.);
#2040=VECTOR('',#3026,1.);
#2041=VECTOR('',#3027,1.);
#2042=VECTOR('',#3028,1.);
#2043=VECTOR('',#3029,1.);
#2044=VECTOR('',#3030,1.);
#2045=VECTOR('',#3031,1.);
#2046=VECTOR('',#3032,1.);
#2047=VECTOR('',#3033,1.);
#2048=VECTOR('',#3034,1.);
#2049=VECTOR('',#3035,1.);
#2050=VECTOR('',#3036,1.);
#2051=VECTOR('',#3041,1.);
#2052=VECTOR('',#3044,1.);
#2053=VECTOR('',#3045,1.);
#2054=VECTOR('',#3046,1.);
#2055=VECTOR('',#3047,1.);
#2056=VECTOR('',#3048,1.);
#2057=VECTOR('',#3049,1.);
#2058=VECTOR('',#3050,1.);
#2059=VECTOR('',#3051,1.);
#2060=VECTOR('',#3052,1.);
#2061=VECTOR('',#3053,1.);
#2062=VECTOR('',#3054,1.);
#2063=VECTOR('',#3055,1.);
#2064=VECTOR('',#3056,1.);
#2065=VECTOR('',#3057,1.);
#2066=VECTOR('',#3058,1.);
#2067=VECTOR('',#3059,1.);
#2068=VECTOR('',#3062,1.);
#2069=VECTOR('',#3063,1.);
#2070=VECTOR('',#3064,1.);
#2071=VECTOR('',#3065,1.);
#2072=VECTOR('',#3066,1.);
#2073=VECTOR('',#3067,1.);
#2074=VECTOR('',#3070,1.);
#2075=VECTOR('',#3071,1.);
#2076=VECTOR('',#3072,1.);
#2077=VECTOR('',#3073,1.);
#2078=VECTOR('',#3074,1.);
#2079=VECTOR('',#3075,1.);
#2080=VECTOR('',#3076,1.);
#2081=VECTOR('',#3077,1.);
#2082=VECTOR('',#3078,1.);
#2083=VECTOR('',#3079,1.);
#2084=VECTOR('',#3080,1.);
#2085=VECTOR('',#3081,1.);
#2086=VECTOR('',#3082,1.);
#2087=VECTOR('',#3083,1.);
#2088=VECTOR('',#3084,1.);
#2089=VECTOR('',#3085,1.);
#2090=VECTOR('',#3086,1.);
#2091=VECTOR('',#3087,1.);
#2092=VECTOR('',#3088,1.);
#2093=VECTOR('',#3089,1.);
#2094=VECTOR('',#3090,1.);
#2095=VECTOR('',#3091,1.);
#2096=VECTOR('',#3092,1.);
#2097=VECTOR('',#3095,1.);
#2098=VECTOR('',#3096,1.);
#2099=VECTOR('',#3097,1.);
#2100=VECTOR('',#3098,1.);
#2101=VECTOR('',#3099,1.);
#2102=VECTOR('',#3102,1.);
#2103=VECTOR('',#3103,1.);
#2104=VECTOR('',#3106,1.);
#2105=VECTOR('',#3107,1.);
#2106=VECTOR('',#3108,1.);
#2107=VECTOR('',#3109,1.);
#2108=VECTOR('',#3110,1.);
#2109=VECTOR('',#3111,1.);
#2110=VECTOR('',#3112,1.);
#2111=VECTOR('',#3113,1.);
#2112=VECTOR('',#3114,1.);
#2113=VECTOR('',#3117,1.);
#2114=VECTOR('',#3118,1.);
#2115=VECTOR('',#3119,1.);
#2116=VECTOR('',#3120,1.);
#2117=VECTOR('',#3121,1.);
#2118=VECTOR('',#3122,1.);
#2119=VECTOR('',#3125,1.);
#2120=VECTOR('',#3126,1.);
#2121=VECTOR('',#3127,1.);
#2122=VECTOR('',#3132,1.);
#2123=VECTOR('',#3133,1.);
#2124=VECTOR('',#3134,1.);
#2125=VECTOR('',#3135,1.);
#2126=VECTOR('',#3136,1.);
#2127=VECTOR('',#3137,1.);
#2128=VECTOR('',#3138,1.);
#2129=VECTOR('',#3139,1.);
#2130=VECTOR('',#3140,1.);
#2131=VECTOR('',#3141,1.);
#2132=VECTOR('',#3146,1.);
#2133=VECTOR('',#3149,1.);
#2134=VECTOR('',#3150,1.);
#2135=VECTOR('',#3153,1.);
#2136=VECTOR('',#3156,1.);
#2137=VECTOR('',#3159,1.);
#2138=VECTOR('',#3162,1.);
#2139=VECTOR('',#3165,1.);
#2140=VECTOR('',#3168,1.);
#2141=VECTOR('',#3171,1.);
#2142=VECTOR('',#3174,1.);
#2143=VECTOR('',#3177,1.);
#2144=VECTOR('',#3180,1.);
#2145=VECTOR('',#3185,1.);
#2146=VECTOR('',#3186,1.);
#2147=VECTOR('',#3189,1.);
#2148=VECTOR('',#3192,1.);
#2149=VECTOR('',#3197,1.);
#2150=VECTOR('',#3198,1.);
#2151=VECTOR('',#3201,1.);
#2152=VECTOR('',#3204,1.);
#2153=VECTOR('',#3207,1.);
#2154=VECTOR('',#3208,1.);
#2155=VECTOR('',#3211,1.);
#2156=VECTOR('',#3214,1.);
#2157=VECTOR('',#3217,1.);
#2158=VECTOR('',#3220,1.);
#2159=VECTOR('',#3223,1.);
#2160=VECTOR('',#3226,1.);
#2161=VECTOR('',#3229,1.);
#2162=VECTOR('',#3232,1.);
#2163=VECTOR('',#3235,1.);
#2164=VECTOR('',#3238,1.);
#2165=VECTOR('',#3239,1.);
#2166=VECTOR('',#3240,1.);
#2167=VECTOR('',#3241,1.);
#2168=VECTOR('',#3242,1.);
#2169=VECTOR('',#3243,1.);
#2170=VECTOR('',#3244,1.);
#2171=VECTOR('',#3245,1.);
#2172=VECTOR('',#3246,1.);
#2173=VECTOR('',#3247,1.);
#2174=VECTOR('',#3250,1.);
#2175=VECTOR('',#3251,1.);
#2176=VECTOR('',#3252,1.);
#2177=VECTOR('',#3253,1.);
#2178=VECTOR('',#3254,1.);
#2179=VECTOR('',#3255,1.);
#2180=VECTOR('',#3256,1.);
#2181=VECTOR('',#3257,1.);
#2182=VECTOR('',#3258,1.);
#2183=VECTOR('',#3259,1.);
#2184=VECTOR('',#3260,1.);
#2185=VECTOR('',#3263,1.);
#2186=VECTOR('',#3266,1.);
#2187=VECTOR('',#3269,1.);
#2188=VECTOR('',#3270,1.);
#2189=VECTOR('',#3273,1.);
#2190=VECTOR('',#3274,1.);
#2191=VECTOR('',#3277,1.);
#2192=VECTOR('',#3280,1.);
#2193=VECTOR('',#3283,1.);
#2194=VECTOR('',#3286,1.);
#2195=VECTOR('',#3289,1.);
#2196=VECTOR('',#3292,1.);
#2197=VECTOR('',#3297,1.);
#2198=VECTOR('',#3298,1.);
#2199=VECTOR('',#3301,1.);
#2200=VECTOR('',#3304,1.);
#2201=VECTOR('',#3309,1.);
#2202=VECTOR('',#3310,1.);
#2203=VECTOR('',#3313,1.);
#2204=VECTOR('',#3316,1.);
#2205=VECTOR('',#3319,1.);
#2206=VECTOR('',#3322,1.);
#2207=VECTOR('',#3325,1.);
#2208=VECTOR('',#3328,1.);
#2209=VECTOR('',#3333,1.);
#2210=VECTOR('',#3334,1.);
#2211=VECTOR('',#3337,1.);
#2212=VECTOR('',#3340,1.);
#2213=VECTOR('',#3343,1.);
#2214=VECTOR('',#3344,1.);
#2215=VECTOR('',#3347,1.);
#2216=VECTOR('',#3350,1.);
#2217=VECTOR('',#3353,1.);
#2218=VECTOR('',#3356,1.);
#2219=VECTOR('',#3359,1.);
#2220=VECTOR('',#3362,1.);
#2221=VECTOR('',#3365,1.);
#2222=VECTOR('',#3368,1.);
#2223=VECTOR('',#3371,1.);
#2224=VECTOR('',#3376,1.);
#2225=VECTOR('',#3377,1.);
#2226=VECTOR('',#3380,1.);
#2227=VECTOR('',#3383,1.);
#2228=VECTOR('',#3386,1.);
#2229=VECTOR('',#3389,1.);
#2230=VECTOR('',#3392,1.);
#2231=VECTOR('',#3395,1.);
#2232=VECTOR('',#3398,1.);
#2233=VECTOR('',#3401,1.);
#2234=VECTOR('',#3404,1.);
#2235=VECTOR('',#3407,1.);
#2236=VECTOR('',#3412,1.);
#2237=VECTOR('',#3413,1.);
#2238=VECTOR('',#3416,1.);
#2239=VECTOR('',#3419,1.);
#2240=VECTOR('',#3422,1.);
#2241=VECTOR('',#3425,1.);
#2242=VECTOR('',#3428,1.);
#2243=VECTOR('',#3431,1.);
#2244=VECTOR('',#3434,1.);
#2245=VECTOR('',#3435,1.);
#2246=VECTOR('',#3436,1.);
#2247=VECTOR('',#3437,1.);
#2248=VECTOR('',#3438,1.);
#2249=VECTOR('',#3439,1.);
#2250=VECTOR('',#3440,1.);
#2251=VECTOR('',#3441,1.);
#2252=VECTOR('',#3442,1.);
#2253=VECTOR('',#3443,1.);
#2254=VECTOR('',#3446,1.);
#2255=VECTOR('',#3447,1.);
#2256=VECTOR('',#3448,1.);
#2257=VECTOR('',#3449,1.);
#2258=VECTOR('',#3450,1.);
#2259=VECTOR('',#3451,1.);
#2260=VECTOR('',#3452,1.);
#2261=VECTOR('',#3453,1.);
#2262=VECTOR('',#3454,1.);
#2263=VECTOR('',#3455,1.);
#2264=VECTOR('',#3456,1.);
#2265=VECTOR('',#3459,1.);
#2266=VECTOR('',#3462,1.);
#2267=VECTOR('',#3465,1.);
#2268=VECTOR('',#3466,1.);
#2269=EDGE_LOOP('',(#177,#178,#179,#180,#181,#182,#183,#184));
#2270=EDGE_LOOP('',(#185,#186,#187,#188,#189,#190,#191,#192,#193,#194,#195,
#196,#197,#198,#199));
#2271=EDGE_LOOP('',(#200,#201,#202,#203));
#2272=EDGE_LOOP('',(#204,#205,#206,#207,#208,#209,#210,#211,#212,#213,#214,
#215,#216,#217,#218,#219,#220,#221,#222,#223,#224,#225,#226,#227,#228));
#2273=EDGE_LOOP('',(#229,#230,#231,#232));
#2274=EDGE_LOOP('',(#233,#234,#235,#236,#237,#238,#239,#240,#241,#242,#243,
#244));
#2275=EDGE_LOOP('',(#245,#246,#247,#248,#249,#250,#251,#252,#253,#254,#255,
#256,#257,#258,#259));
#2276=EDGE_LOOP('',(#260,#261,#262,#263,#264,#265,#266,#267));
#2277=EDGE_LOOP('',(#268,#269,#270,#271,#272,#273,#274,#275));
#2278=EDGE_LOOP('',(#276,#277,#278,#279,#280,#281,#282,#283,#284,#285,#286,
#287));
#2279=EDGE_LOOP('',(#288,#289,#290,#291,#292,#293,#294,#295,#296,#297,#298,
#299,#300,#301,#302,#303,#304,#305,#306,#307,#308,#309,#310,#311,#312));
#2280=EDGE_LOOP('',(#313,#314,#315,#316,#317,#318,#319,#320,#321,#322,#323,
#324));
#2281=EDGE_LOOP('',(#325,#326,#327,#328,#329,#330,#331,#332,#333,#334,#335,
#336,#337,#338,#339));
#2282=EDGE_LOOP('',(#340,#341,#342,#343,#344,#345,#346,#347));
#2283=EDGE_LOOP('',(#348,#349,#350,#351));
#2284=EDGE_LOOP('',(#352,#353,#354,#355,#356,#357,#358,#359));
#2285=EDGE_LOOP('',(#360,#361,#362,#363,#364,#365,#366,#367,#368,#369,#370,
#371));
#2286=EDGE_LOOP('',(#372,#373,#374,#375));
#2287=EDGE_LOOP('',(#376,#377,#378,#379,#380,#381,#382,#383,#384,#385,#386,
#387,#388,#389,#390));
#2288=EDGE_LOOP('',(#391,#392,#393,#394,#395,#396,#397,#398,#399,#400,#401,
#402,#403,#404,#405,#406,#407,#408,#409,#410,#411,#412,#413,#414,#415));
#2289=EDGE_LOOP('',(#416,#417,#418,#419,#420,#421,#422,#423));
#2290=EDGE_LOOP('',(#424,#425,#426,#427,#428,#429,#430,#431,#432,#433,#434,
#435,#436,#437,#438,#439,#440,#441,#442,#443,#444,#445,#446,#447,#448));
#2291=EDGE_LOOP('',(#449,#450,#451,#452));
#2292=EDGE_LOOP('',(#453,#454,#455,#456));
#2293=EDGE_LOOP('',(#457,#458,#459,#460));
#2294=EDGE_LOOP('',(#461,#462,#463,#464));
#2295=EDGE_LOOP('',(#465,#466,#467,#468));
#2296=EDGE_LOOP('',(#469,#470,#471,#472));
#2297=EDGE_LOOP('',(#473,#474,#475,#476));
#2298=EDGE_LOOP('',(#477,#478,#479,#480));
#2299=EDGE_LOOP('',(#481,#482,#483,#484));
#2300=EDGE_LOOP('',(#485,#486,#487,#488));
#2301=EDGE_LOOP('',(#489,#490,#491,#492));
#2302=EDGE_LOOP('',(#493,#494,#495,#496));
#2303=EDGE_LOOP('',(#497,#498,#499,#500));
#2304=EDGE_LOOP('',(#501,#502,#503,#504));
#2305=EDGE_LOOP('',(#505,#506,#507,#508));
#2306=EDGE_LOOP('',(#509,#510,#511,#512));
#2307=EDGE_LOOP('',(#513,#514,#515,#516));
#2308=EDGE_LOOP('',(#517,#518,#519,#520));
#2309=EDGE_LOOP('',(#521,#522,#523,#524));
#2310=EDGE_LOOP('',(#525,#526,#527,#528));
#2311=EDGE_LOOP('',(#529,#530,#531,#532));
#2312=EDGE_LOOP('',(#533,#534,#535,#536));
#2313=EDGE_LOOP('',(#537,#538,#539,#540));
#2314=EDGE_LOOP('',(#541,#542,#543,#544));
#2315=EDGE_LOOP('',(#545,#546,#547,#548));
#2316=EDGE_LOOP('',(#549,#550,#551,#552));
#2317=EDGE_LOOP('',(#553,#554,#555,#556));
#2318=EDGE_LOOP('',(#557,#558,#559,#560));
#2319=EDGE_LOOP('',(#561,#562,#563,#564));
#2320=EDGE_LOOP('',(#565,#566,#567,#568));
#2321=EDGE_LOOP('',(#569,#570,#571,#572));
#2322=EDGE_LOOP('',(#573,#574,#575,#576));
#2323=EDGE_LOOP('',(#577,#578,#579,#580));
#2324=EDGE_LOOP('',(#581,#582,#583,#584));
#2325=EDGE_LOOP('',(#585,#586,#587,#588));
#2326=EDGE_LOOP('',(#589,#590,#591,#592));
#2327=EDGE_LOOP('',(#593,#594,#595,#596));
#2328=EDGE_LOOP('',(#597,#598,#599,#600));
#2329=EDGE_LOOP('',(#601,#602,#603,#604));
#2330=EDGE_LOOP('',(#605,#606,#607,#608));
#2331=EDGE_LOOP('',(#609,#610,#611,#612));
#2332=EDGE_LOOP('',(#613,#614,#615,#616));
#2333=EDGE_LOOP('',(#617,#618,#619,#620));
#2334=EDGE_LOOP('',(#621,#622,#623,#624));
#2335=EDGE_LOOP('',(#625,#626,#627,#628));
#2336=EDGE_LOOP('',(#629,#630,#631,#632));
#2337=EDGE_LOOP('',(#633,#634,#635,#636));
#2338=EDGE_LOOP('',(#637,#638,#639,#640));
#2339=EDGE_LOOP('',(#641,#642,#643,#644));
#2340=EDGE_LOOP('',(#645,#646,#647,#648));
#2341=EDGE_LOOP('',(#649,#650,#651,#652));
#2342=EDGE_LOOP('',(#653,#654,#655,#656));
#2343=EDGE_LOOP('',(#657,#658,#659,#660));
#2344=EDGE_LOOP('',(#661,#662,#663,#664));
#2345=EDGE_LOOP('',(#665,#666,#667,#668));
#2346=EDGE_LOOP('',(#669,#670,#671,#672));
#2347=EDGE_LOOP('',(#673,#674,#675,#676));
#2348=EDGE_LOOP('',(#677,#678,#679,#680));
#2349=EDGE_LOOP('',(#681,#682,#683,#684));
#2350=EDGE_LOOP('',(#685,#686,#687,#688));
#2351=EDGE_LOOP('',(#689,#690,#691,#692));
#2352=EDGE_LOOP('',(#693,#694,#695,#696));
#2353=EDGE_LOOP('',(#697,#698,#699,#700));
#2354=EDGE_LOOP('',(#701,#702,#703,#704));
#2355=EDGE_LOOP('',(#705,#706,#707,#708));
#2356=EDGE_LOOP('',(#709,#710,#711,#712));
#2357=EDGE_LOOP('',(#713,#714,#715,#716));
#2358=EDGE_LOOP('',(#717,#718,#719,#720));
#2359=EDGE_LOOP('',(#721,#722,#723,#724));
#2360=EDGE_LOOP('',(#725,#726,#727,#728));
#2361=EDGE_LOOP('',(#729,#730,#731,#732));
#2362=EDGE_LOOP('',(#733,#734,#735,#736));
#2363=EDGE_LOOP('',(#737,#738,#739,#740));
#2364=EDGE_LOOP('',(#741,#742,#743,#744));
#2365=EDGE_LOOP('',(#745,#746,#747,#748));
#2366=EDGE_LOOP('',(#749,#750,#751,#752));
#2367=EDGE_LOOP('',(#753,#754,#755,#756));
#2368=EDGE_LOOP('',(#757,#758,#759,#760));
#2369=EDGE_LOOP('',(#761,#762,#763,#764));
#2370=EDGE_LOOP('',(#765,#766,#767,#768));
#2371=EDGE_LOOP('',(#769,#770,#771,#772));
#2372=EDGE_LOOP('',(#773,#774,#775,#776));
#2373=EDGE_LOOP('',(#777,#778,#779,#780));
#2374=EDGE_LOOP('',(#781,#782,#783,#784));
#2375=EDGE_LOOP('',(#785,#786,#787,#788));
#2376=EDGE_LOOP('',(#789,#790,#791,#792));
#2377=EDGE_LOOP('',(#793,#794,#795,#796));
#2378=EDGE_LOOP('',(#797,#798,#799,#800));
#2379=EDGE_LOOP('',(#801,#802,#803,#804));
#2380=EDGE_LOOP('',(#805,#806,#807,#808));
#2381=EDGE_LOOP('',(#809,#810,#811,#812));
#2382=EDGE_LOOP('',(#813,#814,#815,#816));
#2383=EDGE_LOOP('',(#817,#818,#819,#820));
#2384=EDGE_LOOP('',(#821,#822,#823,#824));
#2385=EDGE_LOOP('',(#825,#826,#827,#828));
#2386=EDGE_LOOP('',(#829,#830,#831,#832));
#2387=EDGE_LOOP('',(#833,#834,#835,#836));
#2388=EDGE_LOOP('',(#837,#838,#839,#840));
#2389=EDGE_LOOP('',(#841,#842,#843,#844));
#2390=EDGE_LOOP('',(#845,#846,#847,#848));
#2391=EDGE_LOOP('',(#849,#850,#851,#852));
#2392=EDGE_LOOP('',(#853,#854,#855,#856));
#2393=EDGE_LOOP('',(#857,#858,#859,#860));
#2394=EDGE_LOOP('',(#861,#862,#863,#864));
#2395=EDGE_LOOP('',(#865,#866,#867,#868));
#2396=EDGE_LOOP('',(#869,#870,#871,#872));
#2397=EDGE_LOOP('',(#873,#874,#875,#876));
#2398=EDGE_LOOP('',(#877,#878,#879,#880));
#2399=EDGE_LOOP('',(#881,#882,#883,#884));
#2400=EDGE_LOOP('',(#885,#886,#887,#888));
#2401=EDGE_LOOP('',(#889,#890,#891,#892));
#2402=EDGE_LOOP('',(#893,#894,#895,#896));
#2403=EDGE_LOOP('',(#897,#898,#899,#900));
#2404=EDGE_LOOP('',(#901,#902,#903,#904));
#2405=EDGE_LOOP('',(#905,#906,#907,#908));
#2406=EDGE_LOOP('',(#909,#910,#911,#912));
#2407=EDGE_LOOP('',(#913,#914,#915,#916));
#2408=EDGE_LOOP('',(#917,#918,#919,#920));
#2409=EDGE_LOOP('',(#921,#922,#923,#924));
#2410=EDGE_LOOP('',(#925,#926,#927,#928));
#2411=EDGE_LOOP('',(#929,#930,#931,#932));
#2412=EDGE_LOOP('',(#933,#934,#935,#936));
#2413=EDGE_LOOP('',(#937,#938,#939,#940));
#2414=EDGE_LOOP('',(#941,#942,#943,#944));
#2415=EDGE_LOOP('',(#945,#946,#947,#948));
#2416=EDGE_LOOP('',(#949,#950,#951,#952));
#2417=EDGE_LOOP('',(#953,#954,#955,#956));
#2418=EDGE_LOOP('',(#957,#958,#959,#960));
#2419=EDGE_LOOP('',(#961,#962,#963,#964));
#2420=EDGE_LOOP('',(#965,#966,#967,#968));
#2421=EDGE_LOOP('',(#969,#970,#971,#972));
#2422=EDGE_LOOP('',(#973,#974,#975,#976));
#2423=EDGE_LOOP('',(#977,#978,#979,#980));
#2424=EDGE_LOOP('',(#981,#982,#983,#984));
#2425=EDGE_LOOP('',(#985,#986,#987,#988));
#2426=EDGE_LOOP('',(#989,#990,#991,#992));
#2427=FACE_BOUND('',#2269,.T.);
#2428=FACE_BOUND('',#2270,.T.);
#2429=FACE_BOUND('',#2271,.T.);
#2430=FACE_BOUND('',#2272,.T.);
#2431=FACE_BOUND('',#2273,.T.);
#2432=FACE_BOUND('',#2274,.T.);
#2433=FACE_BOUND('',#2275,.T.);
#2434=FACE_BOUND('',#2276,.T.);
#2435=FACE_BOUND('',#2277,.T.);
#2436=FACE_BOUND('',#2278,.T.);
#2437=FACE_BOUND('',#2279,.T.);
#2438=FACE_BOUND('',#2280,.T.);
#2439=FACE_BOUND('',#2281,.T.);
#2440=FACE_BOUND('',#2282,.T.);
#2441=FACE_BOUND('',#2283,.T.);
#2442=FACE_BOUND('',#2284,.T.);
#2443=FACE_BOUND('',#2285,.T.);
#2444=FACE_BOUND('',#2286,.T.);
#2445=FACE_BOUND('',#2287,.T.);
#2446=FACE_BOUND('',#2288,.T.);
#2447=FACE_BOUND('',#2289,.T.);
#2448=FACE_BOUND('',#2290,.T.);
#2449=FACE_BOUND('',#2291,.T.);
#2450=FACE_BOUND('',#2292,.T.);
#2451=FACE_BOUND('',#2293,.T.);
#2452=FACE_BOUND('',#2294,.T.);
#2453=FACE_BOUND('',#2295,.T.);
#2454=FACE_BOUND('',#2296,.T.);
#2455=FACE_BOUND('',#2297,.T.);
#2456=FACE_BOUND('',#2298,.T.);
#2457=FACE_BOUND('',#2299,.T.);
#2458=FACE_BOUND('',#2300,.T.);
#2459=FACE_BOUND('',#2301,.T.);
#2460=FACE_BOUND('',#2302,.T.);
#2461=FACE_BOUND('',#2303,.T.);
#2462=FACE_BOUND('',#2304,.T.);
#2463=FACE_BOUND('',#2305,.T.);
#2464=FACE_BOUND('',#2306,.T.);
#2465=FACE_BOUND('',#2307,.T.);
#2466=FACE_BOUND('',#2308,.T.);
#2467=FACE_BOUND('',#2309,.T.);
#2468=FACE_BOUND('',#2310,.T.);
#2469=FACE_BOUND('',#2311,.T.);
#2470=FACE_BOUND('',#2312,.T.);
#2471=FACE_BOUND('',#2313,.T.);
#2472=FACE_BOUND('',#2314,.T.);
#2473=FACE_BOUND('',#2315,.T.);
#2474=FACE_BOUND('',#2316,.T.);
#2475=FACE_BOUND('',#2317,.T.);
#2476=FACE_BOUND('',#2318,.T.);
#2477=FACE_BOUND('',#2319,.T.);
#2478=FACE_BOUND('',#2320,.T.);
#2479=FACE_BOUND('',#2321,.T.);
#2480=FACE_BOUND('',#2322,.T.);
#2481=FACE_BOUND('',#2323,.T.);
#2482=FACE_BOUND('',#2324,.T.);
#2483=FACE_BOUND('',#2325,.T.);
#2484=FACE_BOUND('',#2326,.T.);
#2485=FACE_BOUND('',#2327,.T.);
#2486=FACE_BOUND('',#2328,.T.);
#2487=FACE_BOUND('',#2329,.T.);
#2488=FACE_BOUND('',#2330,.T.);
#2489=FACE_BOUND('',#2331,.T.);
#2490=FACE_BOUND('',#2332,.T.);
#2491=FACE_BOUND('',#2333,.T.);
#2492=FACE_BOUND('',#2334,.T.);
#2493=FACE_BOUND('',#2335,.T.);
#2494=FACE_BOUND('',#2336,.T.);
#2495=FACE_BOUND('',#2337,.T.);
#2496=FACE_BOUND('',#2338,.T.);
#2497=FACE_BOUND('',#2339,.T.);
#2498=FACE_BOUND('',#2340,.T.);
#2499=FACE_BOUND('',#2341,.T.);
#2500=FACE_BOUND('',#2342,.T.);
#2501=FACE_BOUND('',#2343,.T.);
#2502=FACE_BOUND('',#2344,.T.);
#2503=FACE_BOUND('',#2345,.T.);
#2504=FACE_BOUND('',#2346,.T.);
#2505=FACE_BOUND('',#2347,.T.);
#2506=FACE_BOUND('',#2348,.T.);
#2507=FACE_BOUND('',#2349,.T.);
#2508=FACE_BOUND('',#2350,.T.);
#2509=FACE_BOUND('',#2351,.T.);
#2510=FACE_BOUND('',#2352,.T.);
#2511=FACE_BOUND('',#2353,.T.);
#2512=FACE_BOUND('',#2354,.T.);
#2513=FACE_BOUND('',#2355,.T.);
#2514=FACE_BOUND('',#2356,.T.);
#2515=FACE_BOUND('',#2357,.T.);
#2516=FACE_BOUND('',#2358,.T.);
#2517=FACE_BOUND('',#2359,.T.);
#2518=FACE_BOUND('',#2360,.T.);
#2519=FACE_BOUND('',#2361,.T.);
#2520=FACE_BOUND('',#2362,.T.);
#2521=FACE_BOUND('',#2363,.T.);
#2522=FACE_BOUND('',#2364,.T.);
#2523=FACE_BOUND('',#2365,.T.);
#2524=FACE_BOUND('',#2366,.T.);
#2525=FACE_BOUND('',#2367,.T.);
#2526=FACE_BOUND('',#2368,.T.);
#2527=FACE_BOUND('',#2369,.T.);
#2528=FACE_BOUND('',#2370,.T.);
#2529=FACE_BOUND('',#2371,.T.);
#2530=FACE_BOUND('',#2372,.T.);
#2531=FACE_BOUND('',#2373,.T.);
#2532=FACE_BOUND('',#2374,.T.);
#2533=FACE_BOUND('',#2375,.T.);
#2534=FACE_BOUND('',#2376,.T.);
#2535=FACE_BOUND('',#2377,.T.);
#2536=FACE_BOUND('',#2378,.T.);
#2537=FACE_BOUND('',#2379,.T.);
#2538=FACE_BOUND('',#2380,.T.);
#2539=FACE_BOUND('',#2381,.T.);
#2540=FACE_BOUND('',#2382,.T.);
#2541=FACE_BOUND('',#2383,.T.);
#2542=FACE_BOUND('',#2384,.T.);
#2543=FACE_BOUND('',#2385,.T.);
#2544=FACE_BOUND('',#2386,.T.);
#2545=FACE_BOUND('',#2387,.T.);
#2546=FACE_BOUND('',#2388,.T.);
#2547=FACE_BOUND('',#2389,.T.);
#2548=FACE_BOUND('',#2390,.T.);
#2549=FACE_BOUND('',#2391,.T.);
#2550=FACE_BOUND('',#2392,.T.);
#2551=FACE_BOUND('',#2393,.T.);
#2552=FACE_BOUND('',#2394,.T.);
#2553=FACE_BOUND('',#2395,.T.);
#2554=FACE_BOUND('',#2396,.T.);
#2555=FACE_BOUND('',#2397,.T.);
#2556=FACE_BOUND('',#2398,.T.);
#2557=FACE_BOUND('',#2399,.T.);
#2558=FACE_BOUND('',#2400,.T.);
#2559=FACE_BOUND('',#2401,.T.);
#2560=FACE_BOUND('',#2402,.T.);
#2561=FACE_BOUND('',#2403,.T.);
#2562=FACE_BOUND('',#2404,.T.);
#2563=FACE_BOUND('',#2405,.T.);
#2564=FACE_BOUND('',#2406,.T.);
#2565=FACE_BOUND('',#2407,.T.);
#2566=FACE_BOUND('',#2408,.T.);
#2567=FACE_BOUND('',#2409,.T.);
#2568=FACE_BOUND('',#2410,.T.);
#2569=FACE_BOUND('',#2411,.T.);
#2570=FACE_BOUND('',#2412,.T.);
#2571=FACE_BOUND('',#2413,.T.);
#2572=FACE_BOUND('',#2414,.T.);
#2573=FACE_BOUND('',#2415,.T.);
#2574=FACE_BOUND('',#2416,.T.);
#2575=FACE_BOUND('',#2417,.T.);
#2576=FACE_BOUND('',#2418,.T.);
#2577=FACE_BOUND('',#2419,.T.);
#2578=FACE_BOUND('',#2420,.T.);
#2579=FACE_BOUND('',#2421,.T.);
#2580=FACE_BOUND('',#2422,.T.);
#2581=FACE_BOUND('',#2423,.T.);
#2582=FACE_BOUND('',#2424,.T.);
#2583=FACE_BOUND('',#2425,.T.);
#2584=FACE_BOUND('',#2426,.T.);
#2585=PLANE('',#2819);
#2586=PLANE('',#2831);
#2587=PLANE('',#2843);
#2588=PLANE('',#2845);
#2589=PLANE('',#2846);
#2590=PLANE('',#2847);
#2591=PLANE('',#2848);
#2592=PLANE('',#2849);
#2593=PLANE('',#2851);
#2594=PLANE('',#2852);
#2595=PLANE('',#2854);
#2596=PLANE('',#2855);
#2597=PLANE('',#2856);
#2598=PLANE('',#2857);
#2599=PLANE('',#2858);
#2600=PLANE('',#2859);
#2601=PLANE('',#2860);
#2602=PLANE('',#2861);
#2603=PLANE('',#2862);
#2604=PLANE('',#2864);
#2605=PLANE('',#2865);
#2606=PLANE('',#2866);
#2607=PLANE('',#2867);
#2608=PLANE('',#2868);
#2609=PLANE('',#2869);
#2610=PLANE('',#2871);
#2611=PLANE('',#2872);
#2612=PLANE('',#2873);
#2613=PLANE('',#2876);
#2614=PLANE('',#2877);
#2615=PLANE('',#2878);
#2616=PLANE('',#2879);
#2617=PLANE('',#2880);
#2618=PLANE('',#2881);
#2619=PLANE('',#2882);
#2620=PLANE('',#2883);
#2621=PLANE('',#2884);
#2622=PLANE('',#2885);
#2623=PLANE('',#2886);
#2624=PLANE('',#2887);
#2625=PLANE('',#2888);
#2626=PLANE('',#2889);
#2627=PLANE('',#2890);
#2628=PLANE('',#2891);
#2629=PLANE('',#2892);
#2630=PLANE('',#2893);
#2631=PLANE('',#2894);
#2632=PLANE('',#2895);
#2633=PLANE('',#2896);
#2634=PLANE('',#2897);
#2635=PLANE('',#2898);
#2636=PLANE('',#2899);
#2637=PLANE('',#2900);
#2638=PLANE('',#2902);
#2639=PLANE('',#2903);
#2640=PLANE('',#2904);
#2641=PLANE('',#2905);
#2642=PLANE('',#2906);
#2643=PLANE('',#2907);
#2644=PLANE('',#2909);
#2645=PLANE('',#2910);
#2646=PLANE('',#2911);
#2647=PLANE('',#2912);
#2648=PLANE('',#2913);
#2649=PLANE('',#2914);
#2650=PLANE('',#2915);
#2651=PLANE('',#2916);
#2652=PLANE('',#2917);
#2653=PLANE('',#2918);
#2654=PLANE('',#2919);
#2655=PLANE('',#2920);
#2656=PLANE('',#2921);
#2657=PLANE('',#2922);
#2658=PLANE('',#2923);
#2659=PLANE('',#2924);
#2660=PLANE('',#2925);
#2661=PLANE('',#2926);
#2662=PLANE('',#2927);
#2663=PLANE('',#2928);
#2664=PLANE('',#2929);
#2665=PLANE('',#2930);
#2666=PLANE('',#2931);
#2667=PLANE('',#2934);
#2668=ADVANCED_FACE('',(#2427,#2428,#2429,#2430,#2431,#2432,#2433,#2434,
#2435,#2436,#2437),#2585,.F.);
#2669=ADVANCED_FACE('',(#2438,#2439,#2440,#2441,#2442,#2443,#2444,#2445,
#2446,#2447,#2448),#2586,.T.);
#2670=ADVANCED_FACE('',(#2449),#2587,.F.);
#2671=ADVANCED_FACE('',(#2450),#56,.F.);
#2672=ADVANCED_FACE('',(#2451),#2588,.F.);
#2673=ADVANCED_FACE('',(#2452),#2589,.F.);
#2674=ADVANCED_FACE('',(#2453),#2590,.F.);
#2675=ADVANCED_FACE('',(#2454),#2591,.F.);
#2676=ADVANCED_FACE('',(#2455),#2592,.F.);
#2677=ADVANCED_FACE('',(#2456),#57,.F.);
#2678=ADVANCED_FACE('',(#2457),#2593,.F.);
#2679=ADVANCED_FACE('',(#2458),#2594,.F.);
#2680=ADVANCED_FACE('',(#2459),#58,.F.);
#2681=ADVANCED_FACE('',(#2460),#2595,.F.);
#2682=ADVANCED_FACE('',(#2461),#2596,.T.);
#2683=ADVANCED_FACE('',(#2462),#2597,.T.);
#2684=ADVANCED_FACE('',(#2463),#2598,.T.);
#2685=ADVANCED_FACE('',(#2464),#2599,.T.);
#2686=ADVANCED_FACE('',(#2465),#2600,.T.);
#2687=ADVANCED_FACE('',(#2466),#2601,.T.);
#2688=ADVANCED_FACE('',(#2467),#2602,.T.);
#2689=ADVANCED_FACE('',(#2468),#2603,.T.);
#2690=ADVANCED_FACE('',(#2469),#12,.T.);
#2691=ADVANCED_FACE('',(#2470),#59,.F.);
#2692=ADVANCED_FACE('',(#2471),#2604,.T.);
#2693=ADVANCED_FACE('',(#2472),#2605,.T.);
#2694=ADVANCED_FACE('',(#2473),#2606,.T.);
#2695=ADVANCED_FACE('',(#2474),#2607,.T.);
#2696=ADVANCED_FACE('',(#2475),#2608,.T.);
#2697=ADVANCED_FACE('',(#2476),#2609,.T.);
#2698=ADVANCED_FACE('',(#2477),#60,.F.);
#2699=ADVANCED_FACE('',(#2478),#2610,.T.);
#2700=ADVANCED_FACE('',(#2479),#2611,.T.);
#2701=ADVANCED_FACE('',(#2480),#13,.T.);
#2702=ADVANCED_FACE('',(#2481),#14,.T.);
#2703=ADVANCED_FACE('',(#2482),#15,.T.);
#2704=ADVANCED_FACE('',(#2483),#16,.T.);
#2705=ADVANCED_FACE('',(#2484),#17,.T.);
#2706=ADVANCED_FACE('',(#2485),#18,.T.);
#2707=ADVANCED_FACE('',(#2486),#19,.T.);
#2708=ADVANCED_FACE('',(#2487),#20,.T.);
#2709=ADVANCED_FACE('',(#2488),#21,.T.);
#2710=ADVANCED_FACE('',(#2489),#2612,.T.);
#2711=ADVANCED_FACE('',(#2490),#22,.T.);
#2712=ADVANCED_FACE('',(#2491),#23,.T.);
#2713=ADVANCED_FACE('',(#2492),#24,.T.);
#2714=ADVANCED_FACE('',(#2493),#25,.T.);
#2715=ADVANCED_FACE('',(#2494),#26,.T.);
#2716=ADVANCED_FACE('',(#2495),#27,.T.);
#2717=ADVANCED_FACE('',(#2496),#28,.T.);
#2718=ADVANCED_FACE('',(#2497),#29,.T.);
#2719=ADVANCED_FACE('',(#2498),#30,.T.);
#2720=ADVANCED_FACE('',(#2499),#31,.T.);
#2721=ADVANCED_FACE('',(#2500),#61,.T.);
#2722=ADVANCED_FACE('',(#2501),#62,.T.);
#2723=ADVANCED_FACE('',(#2502),#2613,.T.);
#2724=ADVANCED_FACE('',(#2503),#32,.T.);
#2725=ADVANCED_FACE('',(#2504),#33,.T.);
#2726=ADVANCED_FACE('',(#2505),#2614,.T.);
#2727=ADVANCED_FACE('',(#2506),#2615,.T.);
#2728=ADVANCED_FACE('',(#2507),#2616,.T.);
#2729=ADVANCED_FACE('',(#2508),#2617,.T.);
#2730=ADVANCED_FACE('',(#2509),#2618,.T.);
#2731=ADVANCED_FACE('',(#2510),#2619,.T.);
#2732=ADVANCED_FACE('',(#2511),#2620,.T.);
#2733=ADVANCED_FACE('',(#2512),#2621,.T.);
#2734=ADVANCED_FACE('',(#2513),#2622,.T.);
#2735=ADVANCED_FACE('',(#2514),#2623,.T.);
#2736=ADVANCED_FACE('',(#2515),#2624,.T.);
#2737=ADVANCED_FACE('',(#2516),#2625,.T.);
#2738=ADVANCED_FACE('',(#2517),#2626,.T.);
#2739=ADVANCED_FACE('',(#2518),#2627,.T.);
#2740=ADVANCED_FACE('',(#2519),#2628,.T.);
#2741=ADVANCED_FACE('',(#2520),#2629,.T.);
#2742=ADVANCED_FACE('',(#2521),#2630,.T.);
#2743=ADVANCED_FACE('',(#2522),#2631,.T.);
#2744=ADVANCED_FACE('',(#2523),#2632,.T.);
#2745=ADVANCED_FACE('',(#2524),#2633,.T.);
#2746=ADVANCED_FACE('',(#2525),#2634,.T.);
#2747=ADVANCED_FACE('',(#2526),#2635,.T.);
#2748=ADVANCED_FACE('',(#2527),#2636,.T.);
#2749=ADVANCED_FACE('',(#2528),#2637,.T.);
#2750=ADVANCED_FACE('',(#2529),#34,.T.);
#2751=ADVANCED_FACE('',(#2530),#63,.F.);
#2752=ADVANCED_FACE('',(#2531),#2638,.T.);
#2753=ADVANCED_FACE('',(#2532),#2639,.T.);
#2754=ADVANCED_FACE('',(#2533),#2640,.T.);
#2755=ADVANCED_FACE('',(#2534),#2641,.T.);
#2756=ADVANCED_FACE('',(#2535),#2642,.T.);
#2757=ADVANCED_FACE('',(#2536),#2643,.T.);
#2758=ADVANCED_FACE('',(#2537),#64,.F.);
#2759=ADVANCED_FACE('',(#2538),#2644,.T.);
#2760=ADVANCED_FACE('',(#2539),#2645,.T.);
#2761=ADVANCED_FACE('',(#2540),#2646,.T.);
#2762=ADVANCED_FACE('',(#2541),#2647,.T.);
#2763=ADVANCED_FACE('',(#2542),#2648,.T.);
#2764=ADVANCED_FACE('',(#2543),#2649,.T.);
#2765=ADVANCED_FACE('',(#2544),#2650,.T.);
#2766=ADVANCED_FACE('',(#2545),#2651,.T.);
#2767=ADVANCED_FACE('',(#2546),#2652,.T.);
#2768=ADVANCED_FACE('',(#2547),#2653,.T.);
#2769=ADVANCED_FACE('',(#2548),#2654,.T.);
#2770=ADVANCED_FACE('',(#2549),#2655,.T.);
#2771=ADVANCED_FACE('',(#2550),#2656,.T.);
#2772=ADVANCED_FACE('',(#2551),#2657,.T.);
#2773=ADVANCED_FACE('',(#2552),#2658,.T.);
#2774=ADVANCED_FACE('',(#2553),#2659,.T.);
#2775=ADVANCED_FACE('',(#2554),#2660,.T.);
#2776=ADVANCED_FACE('',(#2555),#2661,.T.);
#2777=ADVANCED_FACE('',(#2556),#2662,.T.);
#2778=ADVANCED_FACE('',(#2557),#2663,.T.);
#2779=ADVANCED_FACE('',(#2558),#2664,.T.);
#2780=ADVANCED_FACE('',(#2559),#2665,.T.);
#2781=ADVANCED_FACE('',(#2560),#35,.T.);
#2782=ADVANCED_FACE('',(#2561),#36,.T.);
#2783=ADVANCED_FACE('',(#2562),#37,.T.);
#2784=ADVANCED_FACE('',(#2563),#38,.T.);
#2785=ADVANCED_FACE('',(#2564),#39,.T.);
#2786=ADVANCED_FACE('',(#2565),#40,.T.);
#2787=ADVANCED_FACE('',(#2566),#41,.T.);
#2788=ADVANCED_FACE('',(#2567),#42,.T.);
#2789=ADVANCED_FACE('',(#2568),#43,.T.);
#2790=ADVANCED_FACE('',(#2569),#2666,.T.);
#2791=ADVANCED_FACE('',(#2570),#44,.T.);
#2792=ADVANCED_FACE('',(#2571),#45,.T.);
#2793=ADVANCED_FACE('',(#2572),#46,.T.);
#2794=ADVANCED_FACE('',(#2573),#47,.T.);
#2795=ADVANCED_FACE('',(#2574),#48,.T.);
#2796=ADVANCED_FACE('',(#2575),#49,.T.);
#2797=ADVANCED_FACE('',(#2576),#50,.T.);
#2798=ADVANCED_FACE('',(#2577),#51,.T.);
#2799=ADVANCED_FACE('',(#2578),#52,.T.);
#2800=ADVANCED_FACE('',(#2579),#53,.T.);
#2801=ADVANCED_FACE('',(#2580),#65,.T.);
#2802=ADVANCED_FACE('',(#2581),#66,.T.);
#2803=ADVANCED_FACE('',(#2582),#2667,.T.);
#2804=ADVANCED_FACE('',(#2583),#54,.T.);
#2805=ADVANCED_FACE('',(#2584),#55,.T.);
#2806=CLOSED_SHELL('',(#2668,#2669,#2670,#2671,#2672,#2673,#2674,#2675,
#2676,#2677,#2678,#2679,#2680,#2681,#2682,#2683,#2684,#2685,#2686,#2687,
#2688,#2689,#2690,#2691,#2692,#2693,#2694,#2695,#2696,#2697,#2698,#2699,
#2700,#2701,#2702,#2703,#2704,#2705,#2706,#2707,#2708,#2709,#2710,#2711,
#2712,#2713,#2714,#2715,#2716,#2717,#2718,#2719,#2720,#2721,#2722,#2723,
#2724,#2725,#2726,#2727,#2728,#2729,#2730,#2731,#2732,#2733,#2734,#2735,
#2736,#2737,#2738,#2739,#2740,#2741,#2742,#2743,#2744,#2745,#2746,#2747,
#2748,#2749,#2750,#2751,#2752,#2753,#2754,#2755,#2756,#2757,#2758,#2759,
#2760,#2761,#2762,#2763,#2764,#2765,#2766,#2767,#2768,#2769,#2770,#2771,
#2772,#2773,#2774,#2775,#2776,#2777,#2778,#2779,#2780,#2781,#2782,#2783,
#2784,#2785,#2786,#2787,#2788,#2789,#2790,#2791,#2792,#2793,#2794,#2795,
#2796,#2797,#2798,#2799,#2800,#2801,#2802,#2803,#2804,#2805));
#2807=STYLED_ITEM('',(#2808),#2815);
#2808=PRESENTATION_STYLE_ASSIGNMENT((#2809));
#2809=SURFACE_STYLE_USAGE(.BOTH.,#2810);
#2810=SURFACE_SIDE_STYLE('',(#2811));
#2811=SURFACE_STYLE_FILL_AREA(#2812);
#2812=FILL_AREA_STYLE('',(#2813));
#2813=FILL_AREA_STYLE_COLOUR('',#2814);
#2814=COLOUR_RGB('',0.917647058823529,0.917647058823529,0.917647058823529);
#2815=MANIFOLD_SOLID_BREP('Part 8',#2806);
#2816=SHAPE_DEFINITION_REPRESENTATION(#4776,#2817);
#2817=SHAPE_REPRESENTATION('Part 8',(#2818),#4771);
#2818=AXIS2_PLACEMENT_3D('',#3467,#2935,#2936);
#2819=AXIS2_PLACEMENT_3D('',#3468,#2937,#2938);
#2820=AXIS2_PLACEMENT_3D('',#3498,#2951,#2952);
#2821=AXIS2_PLACEMENT_3D('',#3512,#2959,#2960);
#2822=AXIS2_PLACEMENT_3D('',#3604,#2968,#2969);
#2823=AXIS2_PLACEMENT_3D('',#3606,#2970,#2971);
#2824=AXIS2_PLACEMENT_3D('',#3630,#2979,#2980);
#2825=AXIS2_PLACEMENT_3D('',#3636,#2983,#2984);
#2826=AXIS2_PLACEMENT_3D('',#3648,#2990,#2991);
#2827=AXIS2_PLACEMENT_3D('',#3662,#2996,#2997);
#2828=AXIS2_PLACEMENT_3D('',#3676,#3004,#3005);
#2829=AXIS2_PLACEMENT_3D('',#3816,#3037,#3038);
#2830=AXIS2_PLACEMENT_3D('',#3818,#3039,#3040);
#2831=AXIS2_PLACEMENT_3D('',#3829,#3042,#3043);
#2832=AXIS2_PLACEMENT_3D('',#3863,#3060,#3061);
#2833=AXIS2_PLACEMENT_3D('',#3877,#3068,#3069);
#2834=AXIS2_PLACEMENT_3D('',#3929,#3093,#3094);
#2835=AXIS2_PLACEMENT_3D('',#3941,#3100,#3101);
#2836=AXIS2_PLACEMENT_3D('',#3947,#3104,#3105);
#2837=AXIS2_PLACEMENT_3D('',#3967,#3115,#3116);
#2838=AXIS2_PLACEMENT_3D('',#3981,#3123,#3124);
#2839=AXIS2_PLACEMENT_3D('',#4009,#3128,#3129);
#2840=AXIS2_PLACEMENT_3D('',#4011,#3130,#3131);
#2841=AXIS2_PLACEMENT_3D('',#4117,#3142,#3143);
#2842=AXIS2_PLACEMENT_3D('',#4119,#3144,#3145);
#2843=AXIS2_PLACEMENT_3D('',#4190,#3147,#3148);
#2844=AXIS2_PLACEMENT_3D('',#4193,#3151,#3152);
#2845=AXIS2_PLACEMENT_3D('',#4195,#3154,#3155);
#2846=AXIS2_PLACEMENT_3D('',#4197,#3157,#3158);
#2847=AXIS2_PLACEMENT_3D('',#4199,#3160,#3161);
#2848=AXIS2_PLACEMENT_3D('',#4201,#3163,#3164);
#2849=AXIS2_PLACEMENT_3D('',#4203,#3166,#3167);
#2850=AXIS2_PLACEMENT_3D('',#4205,#3169,#3170);
#2851=AXIS2_PLACEMENT_3D('',#4207,#3172,#3173);
#2852=AXIS2_PLACEMENT_3D('',#4209,#3175,#3176);
#2853=AXIS2_PLACEMENT_3D('',#4211,#3178,#3179);
#2854=AXIS2_PLACEMENT_3D('',#4213,#3181,#3182);
#2855=AXIS2_PLACEMENT_3D('',#4214,#3183,#3184);
#2856=AXIS2_PLACEMENT_3D('',#4217,#3187,#3188);
#2857=AXIS2_PLACEMENT_3D('',#4219,#3190,#3191);
#2858=AXIS2_PLACEMENT_3D('',#4221,#3193,#3194);
#2859=AXIS2_PLACEMENT_3D('',#4222,#3195,#3196);
#2860=AXIS2_PLACEMENT_3D('',#4225,#3199,#3200);
#2861=AXIS2_PLACEMENT_3D('',#4227,#3202,#3203);
#2862=AXIS2_PLACEMENT_3D('',#4229,#3205,#3206);
#2863=AXIS2_PLACEMENT_3D('',#4240,#3209,#3210);
#2864=AXIS2_PLACEMENT_3D('',#4242,#3212,#3213);
#2865=AXIS2_PLACEMENT_3D('',#4244,#3215,#3216);
#2866=AXIS2_PLACEMENT_3D('',#4246,#3218,#3219);
#2867=AXIS2_PLACEMENT_3D('',#4248,#3221,#3222);
#2868=AXIS2_PLACEMENT_3D('',#4250,#3224,#3225);
#2869=AXIS2_PLACEMENT_3D('',#4252,#3227,#3228);
#2870=AXIS2_PLACEMENT_3D('',#4254,#3230,#3231);
#2871=AXIS2_PLACEMENT_3D('',#4256,#3233,#3234);
#2872=AXIS2_PLACEMENT_3D('',#4258,#3236,#3237);
#2873=AXIS2_PLACEMENT_3D('',#4341,#3248,#3249);
#2874=AXIS2_PLACEMENT_3D('',#4433,#3261,#3262);
#2875=AXIS2_PLACEMENT_3D('',#4435,#3264,#3265);
#2876=AXIS2_PLACEMENT_3D('',#4437,#3267,#3268);
#2877=AXIS2_PLACEMENT_3D('',#4456,#3271,#3272);
#2878=AXIS2_PLACEMENT_3D('',#4459,#3275,#3276);
#2879=AXIS2_PLACEMENT_3D('',#4461,#3278,#3279);
#2880=AXIS2_PLACEMENT_3D('',#4463,#3281,#3282);
#2881=AXIS2_PLACEMENT_3D('',#4465,#3284,#3285);
#2882=AXIS2_PLACEMENT_3D('',#4467,#3287,#3288);
#2883=AXIS2_PLACEMENT_3D('',#4469,#3290,#3291);
#2884=AXIS2_PLACEMENT_3D('',#4471,#3293,#3294);
#2885=AXIS2_PLACEMENT_3D('',#4472,#3295,#3296);
#2886=AXIS2_PLACEMENT_3D('',#4475,#3299,#3300);
#2887=AXIS2_PLACEMENT_3D('',#4477,#3302,#3303);
#2888=AXIS2_PLACEMENT_3D('',#4479,#3305,#3306);
#2889=AXIS2_PLACEMENT_3D('',#4480,#3307,#3308);
#2890=AXIS2_PLACEMENT_3D('',#4483,#3311,#3312);
#2891=AXIS2_PLACEMENT_3D('',#4485,#3314,#3315);
#2892=AXIS2_PLACEMENT_3D('',#4487,#3317,#3318);
#2893=AXIS2_PLACEMENT_3D('',#4489,#3320,#3321);
#2894=AXIS2_PLACEMENT_3D('',#4491,#3323,#3324);
#2895=AXIS2_PLACEMENT_3D('',#4493,#3326,#3327);
#2896=AXIS2_PLACEMENT_3D('',#4495,#3329,#3330);
#2897=AXIS2_PLACEMENT_3D('',#4496,#3331,#3332);
#2898=AXIS2_PLACEMENT_3D('',#4499,#3335,#3336);
#2899=AXIS2_PLACEMENT_3D('',#4501,#3338,#3339);
#2900=AXIS2_PLACEMENT_3D('',#4503,#3341,#3342);
#2901=AXIS2_PLACEMENT_3D('',#4514,#3345,#3346);
#2902=AXIS2_PLACEMENT_3D('',#4516,#3348,#3349);
#2903=AXIS2_PLACEMENT_3D('',#4518,#3351,#3352);
#2904=AXIS2_PLACEMENT_3D('',#4520,#3354,#3355);
#2905=AXIS2_PLACEMENT_3D('',#4522,#3357,#3358);
#2906=AXIS2_PLACEMENT_3D('',#4524,#3360,#3361);
#2907=AXIS2_PLACEMENT_3D('',#4526,#3363,#3364);
#2908=AXIS2_PLACEMENT_3D('',#4528,#3366,#3367);
#2909=AXIS2_PLACEMENT_3D('',#4530,#3369,#3370);
#2910=AXIS2_PLACEMENT_3D('',#4532,#3372,#3373);
#2911=AXIS2_PLACEMENT_3D('',#4533,#3374,#3375);
#2912=AXIS2_PLACEMENT_3D('',#4536,#3378,#3379);
#2913=AXIS2_PLACEMENT_3D('',#4538,#3381,#3382);
#2914=AXIS2_PLACEMENT_3D('',#4540,#3384,#3385);
#2915=AXIS2_PLACEMENT_3D('',#4542,#3387,#3388);
#2916=AXIS2_PLACEMENT_3D('',#4544,#3390,#3391);
#2917=AXIS2_PLACEMENT_3D('',#4546,#3393,#3394);
#2918=AXIS2_PLACEMENT_3D('',#4548,#3396,#3397);
#2919=AXIS2_PLACEMENT_3D('',#4550,#3399,#3400);
#2920=AXIS2_PLACEMENT_3D('',#4552,#3402,#3403);
#2921=AXIS2_PLACEMENT_3D('',#4554,#3405,#3406);
#2922=AXIS2_PLACEMENT_3D('',#4556,#3408,#3409);
#2923=AXIS2_PLACEMENT_3D('',#4557,#3410,#3411);
#2924=AXIS2_PLACEMENT_3D('',#4560,#3414,#3415);
#2925=AXIS2_PLACEMENT_3D('',#4562,#3417,#3418);
#2926=AXIS2_PLACEMENT_3D('',#4564,#3420,#3421);
#2927=AXIS2_PLACEMENT_3D('',#4566,#3423,#3424);
#2928=AXIS2_PLACEMENT_3D('',#4568,#3426,#3427);
#2929=AXIS2_PLACEMENT_3D('',#4570,#3429,#3430);
#2930=AXIS2_PLACEMENT_3D('',#4572,#3432,#3433);
#2931=AXIS2_PLACEMENT_3D('',#4655,#3444,#3445);
#2932=AXIS2_PLACEMENT_3D('',#4747,#3457,#3458);
#2933=AXIS2_PLACEMENT_3D('',#4749,#3460,#3461);
#2934=AXIS2_PLACEMENT_3D('',#4751,#3463,#3464);
#2935=DIRECTION('',(0.,0.,1.));
#2936=DIRECTION('',(1.,0.,0.));
#2937=DIRECTION('',(1.,-1.25595325253488E-16,0.));
#2938=DIRECTION('',(1.25595325253488E-16,1.,0.));
#2939=DIRECTION('',(-4.57972007886782E-17,-0.364640966502901,0.931148197414263));
#2940=DIRECTION('',(-1.25595325253488E-16,-1.,0.));
#2941=DIRECTION('',(4.5804334214556E-17,0.364697763408865,-0.931125953544724));
#2942=DIRECTION('',(1.25595325253488E-16,1.,0.));
#2943=DIRECTION('',(4.60030276258809E-17,0.366279776202126,0.930504769222233));
#2944=DIRECTION('',(-1.25595325253488E-16,-1.,0.));
#2945=DIRECTION('',(-4.53075063952412E-17,-0.360741980673224,-0.93266565465871));
#2946=DIRECTION('',(-1.25595325253488E-16,-1.,0.));
#2947=DIRECTION('',(-1.25595325253488E-16,-1.,0.));
#2948=DIRECTION('',(0.,0.,-1.));
#2949=DIRECTION('',(1.25595325253488E-16,1.,0.));
#2950=DIRECTION('',(0.,0.,1.));
#2951=DIRECTION('',(1.,-1.25595325253488E-16,0.));
#2952=DIRECTION('',(1.25595325253488E-16,1.,0.));
#2953=DIRECTION('',(1.25595325253488E-16,1.,0.));
#2954=DIRECTION('',(6.86154013689945E-17,0.54632130002059,-0.837575690396882));
#2955=DIRECTION('',(1.25595325253488E-16,1.,0.));
#2956=DIRECTION('',(0.,0.,1.));
#2957=DIRECTION('',(-1.25595325253488E-16,-1.,0.));
#2958=DIRECTION('',(0.,0.,-1.));
#2959=DIRECTION('',(1.,-1.25595325253488E-16,0.));
#2960=DIRECTION('',(1.25595325253488E-16,1.,0.));
#2961=DIRECTION('',(-1.25595325253488E-16,-1.,0.));
#2962=DIRECTION('',(-6.85425167353381E-17,-0.545740986752486,0.83795392199));
#2963=DIRECTION('',(0.,0.,1.));
#2964=DIRECTION('',(-1.25595325253488E-16,-1.,0.));
#2965=DIRECTION('',(0.,0.,-1.));
#2966=DIRECTION('',(1.25595325253488E-16,1.,0.));
#2967=DIRECTION('',(-4.24690984486385E-17,-0.338142350146579,-0.941094974504353));
#2968=DIRECTION('',(1.,-1.25595325253488E-16,0.));
#2969=DIRECTION('',(1.25595325253488E-16,1.,0.));
#2970=DIRECTION('',(1.,-1.25595325253488E-16,0.));
#2971=DIRECTION('',(1.25595325253488E-16,1.,0.));
#2972=DIRECTION('',(0.,0.,1.));
#2973=DIRECTION('',(-9.48761062325817E-18,-0.0755411127293901,-0.99714268802795));
#2974=DIRECTION('',(1.25595325253488E-16,1.,0.));
#2975=DIRECTION('',(-9.71396703030755E-18,-0.0773433805016382,0.997004514278937));
#2976=DIRECTION('',(-1.25595325253488E-16,-1.,0.));
#2977=DIRECTION('',(0.,0.,1.));
#2978=DIRECTION('',(-1.25595325253488E-16,-1.,0.));
#2979=DIRECTION('',(1.,-1.25595325253488E-16,0.));
#2980=DIRECTION('',(1.25595325253488E-16,1.,0.));
#2981=DIRECTION('',(-1.25595325253488E-16,-1.,0.));
#2982=DIRECTION('',(0.,0.,-1.));
#2983=DIRECTION('',(1.,-1.25595325253488E-16,0.));
#2984=DIRECTION('',(1.25595325253488E-16,1.,0.));
#2985=DIRECTION('',(-1.25595325253488E-16,-1.,0.));
#2986=DIRECTION('',(1.00534958645799E-16,0.800467361686349,0.599376344941054));
#2987=DIRECTION('',(1.25595325253488E-16,1.,-1.26161707343768E-16));
#2988=DIRECTION('',(5.81939392140595E-32,4.6334478689081E-16,-1.));
#2989=DIRECTION('',(-1.25595325253488E-16,-1.,0.));
#2990=DIRECTION('',(1.,-1.25595325253488E-16,0.));
#2991=DIRECTION('',(1.25595325253488E-16,1.,0.));
#2992=DIRECTION('',(-1.25595325253488E-16,-1.,0.));
#2993=DIRECTION('',(0.,0.,-1.));
#2994=DIRECTION('',(1.25595325253488E-16,1.,0.));
#2995=DIRECTION('',(0.,0.,1.));
#2996=DIRECTION('',(1.,-1.25595325253488E-16,0.));
#2997=DIRECTION('',(1.25595325253488E-16,1.,0.));
#2998=DIRECTION('',(1.25595325253488E-16,1.,0.));
#2999=DIRECTION('',(6.86154013689945E-17,0.54632130002059,-0.837575690396882));
#3000=DIRECTION('',(1.25595325253488E-16,1.,0.));
#3001=DIRECTION('',(0.,0.,1.));
#3002=DIRECTION('',(-1.25595325253488E-16,-1.,0.));
#3003=DIRECTION('',(0.,0.,-1.));
#3004=DIRECTION('',(1.,-1.25595325253488E-16,0.));
#3005=DIRECTION('',(1.25595325253488E-16,1.,0.));
#3006=DIRECTION('',(-1.25595325253488E-16,-1.,0.));
#3007=DIRECTION('',(-6.85425167353381E-17,-0.545740986752486,0.83795392199));
#3008=DIRECTION('',(-4.57972007886782E-17,-0.364640966502901,0.931148197414263));
#3009=DIRECTION('',(-1.25595325253488E-16,-1.,0.));
#3010=DIRECTION('',(4.5804334214556E-17,0.364697763408865,-0.931125953544724));
#3011=DIRECTION('',(1.25595325253488E-16,1.,0.));
#3012=DIRECTION('',(4.60030276258808E-17,0.366279776202125,0.930504769222233));
#3013=DIRECTION('',(-1.25595325253488E-16,-1.,0.));
#3014=DIRECTION('',(-4.53075063952415E-17,-0.360741980673226,-0.932665654658709));
#3015=DIRECTION('',(-1.25595325253488E-16,-1.,0.));
#3016=DIRECTION('',(-1.25595325253488E-16,-1.,0.));
#3017=DIRECTION('',(0.,0.,-1.));
#3018=DIRECTION('',(-1.25595325253488E-16,-1.,0.));
#3019=DIRECTION('',(0.,0.,-1.));
#3020=DIRECTION('',(1.25595325253488E-16,1.,0.));
#3021=DIRECTION('',(0.,0.,1.));
#3022=DIRECTION('',(-1.25595325253488E-16,-1.,0.));
#3023=DIRECTION('',(0.,0.,1.));
#3024=DIRECTION('',(-1.25595325253488E-16,-1.,0.));
#3025=DIRECTION('',(0.,0.,-1.));
#3026=DIRECTION('',(1.25595325253488E-16,1.,0.));
#3027=DIRECTION('',(0.,0.,1.));
#3028=DIRECTION('',(1.25595325253488E-16,1.,0.));
#3029=DIRECTION('',(0.,0.,-1.));
#3030=DIRECTION('',(1.25595325253488E-16,1.,0.));
#3031=DIRECTION('',(0.,0.,1.));
#3032=DIRECTION('',(-1.25595325253488E-16,-1.,0.));
#3033=DIRECTION('',(0.,0.,-1.));
#3034=DIRECTION('',(-1.25595325253488E-16,-1.,0.));
#3035=DIRECTION('',(0.,0.,1.));
#3036=DIRECTION('',(-4.24690984486384E-17,-0.338142350146579,-0.941094974504353));
#3037=DIRECTION('',(1.,-1.25595325253488E-16,0.));
#3038=DIRECTION('',(1.25595325253488E-16,1.,0.));
#3039=DIRECTION('',(1.,-1.25595325253488E-16,0.));
#3040=DIRECTION('',(1.25595325253488E-16,1.,0.));
#3041=DIRECTION('',(0.,0.,1.));
#3042=DIRECTION('',(1.,-1.25595325253488E-16,0.));
#3043=DIRECTION('',(1.25595325253488E-16,1.,0.));
#3044=DIRECTION('',(0.,0.,-1.));
#3045=DIRECTION('',(-1.25595325253488E-16,-1.,0.));
#3046=DIRECTION('',(0.,0.,1.));
#3047=DIRECTION('',(-1.25595325253488E-16,-1.,0.));
#3048=DIRECTION('',(0.,0.,-1.));
#3049=DIRECTION('',(-1.25595325253488E-16,-1.,0.));
#3050=DIRECTION('',(0.,0.,1.));
#3051=DIRECTION('',(1.25595325253488E-16,1.,0.));
#3052=DIRECTION('',(0.,0.,-1.));
#3053=DIRECTION('',(1.25595325253488E-16,1.,0.));
#3054=DIRECTION('',(0.,0.,1.));
#3055=DIRECTION('',(1.25595325253488E-16,1.,0.));
#3056=DIRECTION('',(0.,0.,-1.));
#3057=DIRECTION('',(-1.25595325253488E-16,-1.,0.));
#3058=DIRECTION('',(-6.85425167353381E-17,-0.545740986752486,0.83795392199));
#3059=DIRECTION('',(-1.25595325253488E-16,-1.,0.));
#3060=DIRECTION('',(1.,-1.25595325253488E-16,0.));
#3061=DIRECTION('',(1.25595325253488E-16,1.,0.));
#3062=DIRECTION('',(0.,0.,-1.));
#3063=DIRECTION('',(-1.25595325253488E-16,-1.,0.));
#3064=DIRECTION('',(0.,0.,1.));
#3065=DIRECTION('',(1.25595325253488E-16,1.,0.));
#3066=DIRECTION('',(6.86154013689945E-17,0.54632130002059,-0.837575690396882));
#3067=DIRECTION('',(1.25595325253488E-16,1.,0.));
#3068=DIRECTION('',(1.,-1.25595325253488E-16,0.));
#3069=DIRECTION('',(1.25595325253488E-16,1.,0.));
#3070=DIRECTION('',(0.,0.,1.));
#3071=DIRECTION('',(1.25595325253488E-16,1.,0.));
#3072=DIRECTION('',(0.,0.,-1.));
#3073=DIRECTION('',(-1.25595325253488E-16,-1.,0.));
#3074=DIRECTION('',(0.,0.,1.));
#3075=DIRECTION('',(-1.25595325253488E-16,-1.,0.));
#3076=DIRECTION('',(0.,0.,1.));
#3077=DIRECTION('',(1.25595325253488E-16,1.,0.));
#3078=DIRECTION('',(0.,0.,-1.));
#3079=DIRECTION('',(-1.25595325253488E-16,-1.,0.));
#3080=DIRECTION('',(-1.25595325253488E-16,-1.,0.));
#3081=DIRECTION('',(0.,0.,1.));
#3082=DIRECTION('',(1.25595325253488E-16,1.,0.));
#3083=DIRECTION('',(0.,0.,-1.));
#3084=DIRECTION('',(-1.25595325253488E-16,-1.,0.));
#3085=DIRECTION('',(-4.57972007886782E-17,-0.364640966502901,0.931148197414262));
#3086=DIRECTION('',(-1.25595325253488E-16,-1.,0.));
#3087=DIRECTION('',(-4.53075063952415E-17,-0.360741980673226,-0.932665654658709));
#3088=DIRECTION('',(-1.25595325253488E-16,-1.,0.));
#3089=DIRECTION('',(4.60030276258808E-17,0.366279776202125,0.930504769222233));
#3090=DIRECTION('',(1.25595325253488E-16,1.,0.));
#3091=DIRECTION('',(4.5804334214556E-17,0.364697763408865,-0.931125953544724));
#3092=DIRECTION('',(0.,0.,1.));
#3093=DIRECTION('',(1.,-1.25595325253488E-16,0.));
#3094=DIRECTION('',(1.25595325253488E-16,1.,0.));
#3095=DIRECTION('',(-1.25595325253488E-16,-1.,0.));
#3096=DIRECTION('',(5.81939392140595E-32,4.6334478689081E-16,-1.));
#3097=DIRECTION('',(1.25595325253488E-16,1.,-1.26161707343768E-16));
#3098=DIRECTION('',(1.00534958645799E-16,0.800467361686349,0.599376344941054));
#3099=DIRECTION('',(-1.25595325253488E-16,-1.,0.));
#3100=DIRECTION('',(1.,-1.25595325253488E-16,0.));
#3101=DIRECTION('',(1.25595325253488E-16,1.,0.));
#3102=DIRECTION('',(0.,0.,-1.));
#3103=DIRECTION('',(-1.25595325253488E-16,-1.,0.));
#3104=DIRECTION('',(1.,-1.25595325253488E-16,0.));
#3105=DIRECTION('',(1.25595325253488E-16,1.,0.));
#3106=DIRECTION('',(-1.25595325253488E-16,-1.,0.));
#3107=DIRECTION('',(1.25595325253488E-16,1.,0.));
#3108=DIRECTION('',(-9.48761062325817E-18,-0.0755411127293901,-0.99714268802795));
#3109=DIRECTION('',(-1.25595325253488E-16,-1.,0.));
#3110=DIRECTION('',(-9.71396703030755E-18,-0.0773433805016382,0.997004514278937));
#3111=DIRECTION('',(0.,0.,-1.));
#3112=DIRECTION('',(-1.25595325253488E-16,-1.,0.));
#3113=DIRECTION('',(-6.85425167353381E-17,-0.545740986752486,0.83795392199));
#3114=DIRECTION('',(-1.25595325253488E-16,-1.,0.));
#3115=DIRECTION('',(1.,-1.25595325253488E-16,0.));
#3116=DIRECTION('',(1.25595325253488E-16,1.,0.));
#3117=DIRECTION('',(0.,0.,-1.));
#3118=DIRECTION('',(-1.25595325253488E-16,-1.,0.));
#3119=DIRECTION('',(0.,0.,1.));
#3120=DIRECTION('',(1.25595325253488E-16,1.,0.));
#3121=DIRECTION('',(6.86154013689945E-17,0.54632130002059,-0.837575690396882));
#3122=DIRECTION('',(1.25595325253488E-16,1.,0.));
#3123=DIRECTION('',(1.,-1.25595325253488E-16,0.));
#3124=DIRECTION('',(1.25595325253488E-16,1.,0.));
#3125=DIRECTION('',(0.,0.,1.));
#3126=DIRECTION('',(1.25595325253488E-16,1.,0.));
#3127=DIRECTION('',(0.,0.,1.));
#3128=DIRECTION('',(1.,-1.25595325253488E-16,0.));
#3129=DIRECTION('',(1.25595325253488E-16,1.,0.));
#3130=DIRECTION('',(1.,-1.25595325253488E-16,0.));
#3131=DIRECTION('',(1.25595325253488E-16,1.,0.));
#3132=DIRECTION('',(-4.24690984486385E-17,-0.338142350146579,-0.941094974504353));
#3133=DIRECTION('',(-1.25595325253488E-16,-1.,0.));
#3134=DIRECTION('',(-4.57972007886782E-17,-0.364640966502901,0.931148197414262));
#3135=DIRECTION('',(-1.25595325253488E-16,-1.,0.));
#3136=DIRECTION('',(-4.53075063952412E-17,-0.360741980673224,-0.932665654658709));
#3137=DIRECTION('',(-1.25595325253488E-16,-1.,0.));
#3138=DIRECTION('',(4.60030276258809E-17,0.366279776202126,0.930504769222233));
#3139=DIRECTION('',(1.25595325253488E-16,1.,0.));
#3140=DIRECTION('',(4.5804334214556E-17,0.364697763408865,-0.931125953544724));
#3141=DIRECTION('',(0.,0.,1.));
#3142=DIRECTION('',(1.,-1.25595325253488E-16,0.));
#3143=DIRECTION('',(1.25595325253488E-16,1.,0.));
#3144=DIRECTION('',(1.,-1.25595325253488E-16,0.));
#3145=DIRECTION('',(1.25595325253488E-16,1.,0.));
#3146=DIRECTION('',(-4.24690984486384E-17,-0.338142350146579,-0.941094974504353));
#3147=DIRECTION('',(1.25595325253488E-16,1.,0.));
#3148=DIRECTION('',(-1.,1.25595325253488E-16,0.));
#3149=DIRECTION('',(1.,-1.25595325253488E-16,0.));
#3150=DIRECTION('',(1.,-1.25595325253488E-16,0.));
#3151=DIRECTION('',(1.,-1.25595325253488E-16,0.));
#3152=DIRECTION('',(1.25595325253488E-16,1.,0.));
#3153=DIRECTION('',(1.,-1.25595325253488E-16,0.));
#3154=DIRECTION('',(0.,0.,1.));
#3155=DIRECTION('',(1.,0.,0.));
#3156=DIRECTION('',(1.,-1.25595325253488E-16,0.));
#3157=DIRECTION('',(-1.25595325253488E-16,-1.,-4.6334478689081E-16));
#3158=DIRECTION('',(0.,4.63344786890811E-16,-1.));
#3159=DIRECTION('',(1.,-1.25595325253488E-16,0.));
#3160=DIRECTION('',(-1.58453206683759E-32,-1.26161707343768E-16,-1.));
#3161=DIRECTION('',(0.,1.,-1.26161707343768E-16));
#3162=DIRECTION('',(1.,-1.25595325253488E-16,0.));
#3163=DIRECTION('',(7.52788669921186E-17,0.599376344941054,-0.800467361686348));
#3164=DIRECTION('',(0.,0.800467361686348,0.599376344941054));
#3165=DIRECTION('',(1.,-1.25595325253488E-16,0.));
#3166=DIRECTION('',(0.,0.,1.));
#3167=DIRECTION('',(1.,0.,0.));
#3168=DIRECTION('',(1.,-1.25595325253488E-16,0.));
#3169=DIRECTION('',(1.,-1.25595325253488E-16,0.));
#3170=DIRECTION('',(1.25595325253488E-16,1.,0.));
#3171=DIRECTION('',(1.,-1.25595325253488E-16,0.));
#3172=DIRECTION('',(-1.25595325253488E-16,-1.,0.));
#3173=DIRECTION('',(1.,-1.25595325253488E-16,0.));
#3174=DIRECTION('',(1.,-1.25595325253488E-16,0.));
#3175=DIRECTION('',(0.,0.,1.));
#3176=DIRECTION('',(1.,0.,0.));
#3177=DIRECTION('',(1.,-1.25595325253488E-16,0.));
#3178=DIRECTION('',(1.,-1.25595325253488E-16,0.));
#3179=DIRECTION('',(1.25595325253488E-16,1.,0.));
#3180=DIRECTION('',(1.,-1.25595325253488E-16,0.));
#3181=DIRECTION('',(0.,0.,1.));
#3182=DIRECTION('',(1.,0.,0.));
#3183=DIRECTION('',(-1.25236460227008E-16,-0.99714268802795,0.0755411127293901));
#3184=DIRECTION('',(0.,-0.0755411127293901,-0.99714268802795));
#3185=DIRECTION('',(1.,-1.25595325253488E-16,0.));
#3186=DIRECTION('',(1.,-1.25595325253488E-16,0.));
#3187=DIRECTION('',(0.,0.,-1.));
#3188=DIRECTION('',(-1.,0.,0.));
#3189=DIRECTION('',(1.,-1.25595325253488E-16,0.));
#3190=DIRECTION('',(1.25219106250059E-16,0.997004514278937,0.0773433805016382));
#3191=DIRECTION('',(0.,-0.0773433805016382,0.997004514278937));
#3192=DIRECTION('',(1.,-1.25595325253488E-16,0.));
#3193=DIRECTION('',(0.,0.,1.));
#3194=DIRECTION('',(1.,0.,0.));
#3195=DIRECTION('',(0.,0.,1.));
#3196=DIRECTION('',(1.,0.,0.));
#3197=DIRECTION('',(1.,-1.25595325253488E-16,0.));
#3198=DIRECTION('',(1.,-1.25595325253488E-16,0.));
#3199=DIRECTION('',(-1.25595325253488E-16,-1.,0.));
#3200=DIRECTION('',(1.,-1.25595325253488E-16,0.));
#3201=DIRECTION('',(1.,-1.25595325253488E-16,0.));
#3202=DIRECTION('',(0.,0.,-1.));
#3203=DIRECTION('',(-1.,0.,0.));
#3204=DIRECTION('',(1.,-1.25595325253488E-16,0.));
#3205=DIRECTION('',(1.25595325253488E-16,1.,0.));
#3206=DIRECTION('',(-1.,1.25595325253488E-16,0.));
#3207=DIRECTION('',(1.,-1.25595325253488E-16,0.));
#3208=DIRECTION('',(1.,-1.25595325253488E-16,0.));
#3209=DIRECTION('',(1.,-1.25595325253488E-16,0.));
#3210=DIRECTION('',(-1.36244316391407E-16,-0.998604161237669,-0.0528178867317878));
#3211=DIRECTION('',(1.,-1.25595325253488E-16,0.));
#3212=DIRECTION('',(0.,0.,-1.));
#3213=DIRECTION('',(-1.,0.,0.));
#3214=DIRECTION('',(1.,-1.25595325253488E-16,0.));
#3215=DIRECTION('',(-1.05195591259811E-16,-0.837575690396882,-0.54632130002059));
#3216=DIRECTION('',(0.,0.54632130002059,-0.837575690396882));
#3217=DIRECTION('',(1.,-1.25595325253488E-16,0.));
#3218=DIRECTION('',(0.,0.,-1.));
#3219=DIRECTION('',(-1.,0.,0.));
#3220=DIRECTION('',(1.,-1.25595325253488E-16,0.));
#3221=DIRECTION('',(1.25595325253488E-16,1.,0.));
#3222=DIRECTION('',(-1.,1.25595325253488E-16,0.));
#3223=DIRECTION('',(1.,-1.25595325253488E-16,0.));
#3224=DIRECTION('',(0.,0.,1.));
#3225=DIRECTION('',(1.,0.,0.));
#3226=DIRECTION('',(1.,-1.25595325253488E-16,0.));
#3227=DIRECTION('',(-1.25595325253488E-16,-1.,0.));
#3228=DIRECTION('',(1.,-1.25595325253488E-16,0.));
#3229=DIRECTION('',(1.,-1.25595325253488E-16,0.));
#3230=DIRECTION('',(1.,-1.25595325253488E-16,0.));
#3231=DIRECTION('',(0.,0.999228789650786,0.0392660913897231));
#3232=DIRECTION('',(1.,-1.25595325253488E-16,0.));
#3233=DIRECTION('',(0.,0.,1.));
#3234=DIRECTION('',(1.,0.,0.));
#3235=DIRECTION('',(1.,-1.25595325253488E-16,0.));
#3236=DIRECTION('',(1.0524309537977E-16,0.83795392199,0.545740986752486));
#3237=DIRECTION('',(0.,-0.545740986752486,0.83795392199));
#3238=DIRECTION('',(1.,-1.25595325253488E-16,0.));
#3239=DIRECTION('',(1.,-1.25595325253488E-16,0.));
#3240=DIRECTION('',(1.,-1.25595325253488E-16,0.));
#3241=DIRECTION('',(1.,-1.25595325253488E-16,0.));
#3242=DIRECTION('',(1.,-1.25595325253488E-16,0.));
#3243=DIRECTION('',(1.,-1.25595325253488E-16,0.));
#3244=DIRECTION('',(1.,-1.25595325253488E-16,0.));
#3245=DIRECTION('',(1.,-1.25595325253488E-16,0.));
#3246=DIRECTION('',(1.,-1.25595325253488E-16,0.));
#3247=DIRECTION('',(1.,-1.25595325253488E-16,0.));
#3248=DIRECTION('',(-1.18197129417297E-16,-0.941094974504353,0.338142350146579));
#3249=DIRECTION('',(0.,-0.338142350146579,-0.941094974504353));
#3250=DIRECTION('',(1.,-1.25595325253488E-16,0.));
#3251=DIRECTION('',(1.,-1.25595325253488E-16,0.));
#3252=DIRECTION('',(1.,-1.25595325253488E-16,0.));
#3253=DIRECTION('',(1.,-1.25595325253488E-16,0.));
#3254=DIRECTION('',(1.,-1.25595325253488E-16,0.));
#3255=DIRECTION('',(1.,-1.25595325253488E-16,0.));
#3256=DIRECTION('',(1.,-1.25595325253488E-16,0.));
#3257=DIRECTION('',(1.,-1.25595325253488E-16,0.));
#3258=DIRECTION('',(1.,-1.25595325253488E-16,0.));
#3259=DIRECTION('',(1.,-1.25595325253488E-16,0.));
#3260=DIRECTION('',(1.,-1.25595325253488E-16,0.));
#3261=DIRECTION('',(1.,-1.25595325253488E-16,0.));
#3262=DIRECTION('',(0.,-0.103930416658798,-0.994584570809908));
#3263=DIRECTION('',(1.,-1.25595325253488E-16,0.));
#3264=DIRECTION('',(1.,-1.25595325253488E-16,0.));
#3265=DIRECTION('',(0.,-0.293310951628161,-0.956017094854994));
#3266=DIRECTION('',(1.,-1.25595325253488E-16,0.));
#3267=DIRECTION('',(1.25595325253488E-16,1.,0.));
#3268=DIRECTION('',(-1.,1.25595325253488E-16,0.));
#3269=DIRECTION('',(1.,-1.25595325253488E-16,0.));
#3270=DIRECTION('',(1.,-1.25595325253488E-16,0.));
#3271=DIRECTION('',(1.16947860713444E-16,0.931148197414263,0.364640966502901));
#3272=DIRECTION('',(0.,-0.364640966502901,0.931148197414263));
#3273=DIRECTION('',(1.,-1.25595325253488E-16,0.));
#3274=DIRECTION('',(1.,-1.25595325253488E-16,0.));
#3275=DIRECTION('',(0.,0.,1.));
#3276=DIRECTION('',(1.,0.,0.));
#3277=DIRECTION('',(1.,-1.25595325253488E-16,0.));
#3278=DIRECTION('',(-1.16945066987414E-16,-0.931125953544724,-0.364697763408865));
#3279=DIRECTION('',(0.,0.364697763408865,-0.931125953544724));
#3280=DIRECTION('',(1.,-1.25595325253488E-16,0.));
#3281=DIRECTION('',(0.,0.,-1.));
#3282=DIRECTION('',(-1.,0.,0.));
#3283=DIRECTION('',(1.,-1.25595325253488E-16,0.));
#3284=DIRECTION('',(1.16867049140388E-16,0.930504769222233,-0.366279776202125));
#3285=DIRECTION('',(0.,0.366279776202125,0.930504769222233));
#3286=DIRECTION('',(1.,-1.25595325253488E-16,0.));
#3287=DIRECTION('',(0.,0.,1.));
#3288=DIRECTION('',(1.,0.,0.));
#3289=DIRECTION('',(1.,-1.25595325253488E-16,0.));
#3290=DIRECTION('',(-1.17138446249618E-16,-0.932665654658709,0.360741980673226));
#3291=DIRECTION('',(0.,-0.360741980673226,-0.932665654658709));
#3292=DIRECTION('',(1.,-1.25595325253488E-16,0.));
#3293=DIRECTION('',(0.,0.,1.));
#3294=DIRECTION('',(1.,0.,0.));
#3295=DIRECTION('',(1.25595325253488E-16,1.,0.));
#3296=DIRECTION('',(-1.,1.25595325253488E-16,0.));
#3297=DIRECTION('',(1.,-1.25595325253488E-16,0.));
#3298=DIRECTION('',(1.,-1.25595325253488E-16,0.));
#3299=DIRECTION('',(0.,0.,1.));
#3300=DIRECTION('',(1.,0.,0.));
#3301=DIRECTION('',(1.,-1.25595325253488E-16,0.));
#3302=DIRECTION('',(-1.25595325253488E-16,-1.,0.));
#3303=DIRECTION('',(1.,-1.25595325253488E-16,0.));
#3304=DIRECTION('',(1.,-1.25595325253488E-16,0.));
#3305=DIRECTION('',(0.,0.,-1.));
#3306=DIRECTION('',(-1.,0.,0.));
#3307=DIRECTION('',(0.,0.,1.));
#3308=DIRECTION('',(1.,0.,0.));
#3309=DIRECTION('',(1.,-1.25595325253488E-16,0.));
#3310=DIRECTION('',(1.,-1.25595325253488E-16,0.));
#3311=DIRECTION('',(-1.25595325253488E-16,-1.,0.));
#3312=DIRECTION('',(1.,-1.25595325253488E-16,0.));
#3313=DIRECTION('',(1.,-1.25595325253488E-16,0.));
#3314=DIRECTION('',(0.,0.,1.));
#3315=DIRECTION('',(1.,0.,0.));
#3316=DIRECTION('',(1.,-1.25595325253488E-16,0.));
#3317=DIRECTION('',(-1.25595325253488E-16,-1.,0.));
#3318=DIRECTION('',(1.,-1.25595325253488E-16,0.));
#3319=DIRECTION('',(1.,-1.25595325253488E-16,0.));
#3320=DIRECTION('',(0.,0.,-1.));
#3321=DIRECTION('',(-1.,0.,0.));
#3322=DIRECTION('',(1.,-1.25595325253488E-16,0.));
#3323=DIRECTION('',(1.25595325253488E-16,1.,0.));
#3324=DIRECTION('',(-1.,1.25595325253488E-16,0.));
#3325=DIRECTION('',(1.,-1.25595325253488E-16,0.));
#3326=DIRECTION('',(0.,0.,1.));
#3327=DIRECTION('',(1.,0.,0.));
#3328=DIRECTION('',(1.,-1.25595325253488E-16,0.));
#3329=DIRECTION('',(1.25595325253488E-16,1.,0.));
#3330=DIRECTION('',(-1.,1.25595325253488E-16,0.));
#3331=DIRECTION('',(0.,0.,1.));
#3332=DIRECTION('',(1.,0.,0.));
#3333=DIRECTION('',(1.,-1.25595325253488E-16,0.));
#3334=DIRECTION('',(1.,-1.25595325253488E-16,0.));
#3335=DIRECTION('',(-1.25595325253488E-16,-1.,0.));
#3336=DIRECTION('',(1.,-1.25595325253488E-16,0.));
#3337=DIRECTION('',(1.,-1.25595325253488E-16,0.));
#3338=DIRECTION('',(0.,0.,-1.));
#3339=DIRECTION('',(-1.,0.,0.));
#3340=DIRECTION('',(1.,-1.25595325253488E-16,0.));
#3341=DIRECTION('',(1.25595325253488E-16,1.,0.));
#3342=DIRECTION('',(-1.,1.25595325253488E-16,0.));
#3343=DIRECTION('',(1.,-1.25595325253488E-16,0.));
#3344=DIRECTION('',(1.,-1.25595325253488E-16,0.));
#3345=DIRECTION('',(1.,-1.25595325253488E-16,0.));
#3346=DIRECTION('',(-1.36244316390327E-16,-0.99860416123767,-0.0528178867317614));
#3347=DIRECTION('',(1.,-1.25595325253488E-16,0.));
#3348=DIRECTION('',(0.,0.,-1.));
#3349=DIRECTION('',(-1.,0.,0.));
#3350=DIRECTION('',(1.,-1.25595325253488E-16,0.));
#3351=DIRECTION('',(-1.05195591259811E-16,-0.837575690396882,-0.54632130002059));
#3352=DIRECTION('',(0.,0.54632130002059,-0.837575690396882));
#3353=DIRECTION('',(1.,-1.25595325253488E-16,0.));
#3354=DIRECTION('',(0.,0.,-1.));
#3355=DIRECTION('',(-1.,0.,0.));
#3356=DIRECTION('',(1.,-1.25595325253488E-16,0.));
#3357=DIRECTION('',(1.25595325253488E-16,1.,0.));
#3358=DIRECTION('',(-1.,1.25595325253488E-16,0.));
#3359=DIRECTION('',(1.,-1.25595325253488E-16,0.));
#3360=DIRECTION('',(0.,0.,1.));
#3361=DIRECTION('',(1.,0.,0.));
#3362=DIRECTION('',(1.,-1.25595325253488E-16,0.));
#3363=DIRECTION('',(-1.25595325253488E-16,-1.,0.));
#3364=DIRECTION('',(1.,-1.25595325253488E-16,0.));
#3365=DIRECTION('',(1.,-1.25595325253488E-16,0.));
#3366=DIRECTION('',(1.,-1.25595325253488E-16,0.));
#3367=DIRECTION('',(0.,0.999228789650785,0.0392660913897334));
#3368=DIRECTION('',(1.,-1.25595325253488E-16,0.));
#3369=DIRECTION('',(0.,0.,1.));
#3370=DIRECTION('',(1.,0.,0.));
#3371=DIRECTION('',(1.,-1.25595325253488E-16,0.));
#3372=DIRECTION('',(1.0524309537977E-16,0.83795392199,0.545740986752486));
#3373=DIRECTION('',(0.,-0.545740986752486,0.83795392199));
#3374=DIRECTION('',(0.,0.,1.));
#3375=DIRECTION('',(1.,0.,0.));
#3376=DIRECTION('',(1.,-1.25595325253488E-16,0.));
#3377=DIRECTION('',(1.,-1.25595325253488E-16,0.));
#3378=DIRECTION('',(-1.25595325253488E-16,-1.,0.));
#3379=DIRECTION('',(1.,-1.25595325253488E-16,0.));
#3380=DIRECTION('',(1.,-1.25595325253488E-16,0.));
#3381=DIRECTION('',(0.,0.,-1.));
#3382=DIRECTION('',(-1.,0.,0.));
#3383=DIRECTION('',(1.,-1.25595325253488E-16,0.));
#3384=DIRECTION('',(1.25595325253488E-16,1.,0.));
#3385=DIRECTION('',(-1.,1.25595325253488E-16,0.));
#3386=DIRECTION('',(1.,-1.25595325253488E-16,0.));
#3387=DIRECTION('',(0.,0.,-1.));
#3388=DIRECTION('',(-1.,0.,0.));
#3389=DIRECTION('',(1.,-1.25595325253488E-16,0.));
#3390=DIRECTION('',(-1.25595325253488E-16,-1.,0.));
#3391=DIRECTION('',(1.,-1.25595325253488E-16,0.));
#3392=DIRECTION('',(1.,-1.25595325253488E-16,0.));
#3393=DIRECTION('',(0.,0.,-1.));
#3394=DIRECTION('',(-1.,0.,0.));
#3395=DIRECTION('',(1.,-1.25595325253488E-16,0.));
#3396=DIRECTION('',(1.25595325253488E-16,1.,0.));
#3397=DIRECTION('',(-1.,1.25595325253488E-16,0.));
#3398=DIRECTION('',(1.,-1.25595325253488E-16,0.));
#3399=DIRECTION('',(0.,0.,1.));
#3400=DIRECTION('',(1.,0.,0.));
#3401=DIRECTION('',(1.,-1.25595325253488E-16,0.));
#3402=DIRECTION('',(-1.25595325253488E-16,-1.,0.));
#3403=DIRECTION('',(1.,-1.25595325253488E-16,0.));
#3404=DIRECTION('',(1.,-1.25595325253488E-16,0.));
#3405=DIRECTION('',(0.,0.,1.));
#3406=DIRECTION('',(1.,0.,0.));
#3407=DIRECTION('',(1.,-1.25595325253488E-16,0.));
#3408=DIRECTION('',(1.25595325253488E-16,1.,0.));
#3409=DIRECTION('',(-1.,1.25595325253488E-16,0.));
#3410=DIRECTION('',(1.16947860713444E-16,0.931148197414263,0.364640966502901));
#3411=DIRECTION('',(0.,-0.364640966502901,0.931148197414263));
#3412=DIRECTION('',(1.,-1.25595325253488E-16,0.));
#3413=DIRECTION('',(1.,-1.25595325253488E-16,0.));
#3414=DIRECTION('',(0.,0.,1.));
#3415=DIRECTION('',(1.,0.,0.));
#3416=DIRECTION('',(1.,-1.25595325253488E-16,0.));
#3417=DIRECTION('',(-1.16945066987414E-16,-0.931125953544724,-0.364697763408865));
#3418=DIRECTION('',(0.,0.364697763408865,-0.931125953544724));
#3419=DIRECTION('',(1.,-1.25595325253488E-16,0.));
#3420=DIRECTION('',(0.,0.,-1.));
#3421=DIRECTION('',(-1.,0.,0.));
#3422=DIRECTION('',(1.,-1.25595325253488E-16,0.));
#3423=DIRECTION('',(1.16867049140388E-16,0.930504769222233,-0.366279776202126));
#3424=DIRECTION('',(0.,0.366279776202126,0.930504769222233));
#3425=DIRECTION('',(1.,-1.25595325253488E-16,0.));
#3426=DIRECTION('',(0.,0.,1.));
#3427=DIRECTION('',(1.,0.,0.));
#3428=DIRECTION('',(1.,-1.25595325253488E-16,0.));
#3429=DIRECTION('',(-1.17138446249618E-16,-0.93266565465871,0.360741980673224));
#3430=DIRECTION('',(0.,-0.360741980673224,-0.93266565465871));
#3431=DIRECTION('',(1.,-1.25595325253488E-16,0.));
#3432=DIRECTION('',(0.,0.,1.));
#3433=DIRECTION('',(1.,0.,0.));
#3434=DIRECTION('',(1.,-1.25595325253488E-16,0.));
#3435=DIRECTION('',(1.,-1.25595325253488E-16,0.));
#3436=DIRECTION('',(1.,-1.25595325253488E-16,0.));
#3437=DIRECTION('',(1.,-1.25595325253488E-16,0.));
#3438=DIRECTION('',(1.,-1.25595325253488E-16,0.));
#3439=DIRECTION('',(1.,-1.25595325253488E-16,0.));
#3440=DIRECTION('',(1.,-1.25595325253488E-16,0.));
#3441=DIRECTION('',(1.,-1.25595325253488E-16,0.));
#3442=DIRECTION('',(1.,-1.25595325253488E-16,0.));
#3443=DIRECTION('',(1.,-1.25595325253488E-16,0.));
#3444=DIRECTION('',(-1.18197129417297E-16,-0.941094974504353,0.338142350146579));
#3445=DIRECTION('',(0.,-0.338142350146579,-0.941094974504353));
#3446=DIRECTION('',(1.,-1.25595325253488E-16,0.));
#3447=DIRECTION('',(1.,-1.25595325253488E-16,0.));
#3448=DIRECTION('',(1.,-1.25595325253488E-16,0.));
#3449=DIRECTION('',(1.,-1.25595325253488E-16,0.));
#3450=DIRECTION('',(1.,-1.25595325253488E-16,0.));
#3451=DIRECTION('',(1.,-1.25595325253488E-16,0.));
#3452=DIRECTION('',(1.,-1.25595325253488E-16,0.));
#3453=DIRECTION('',(1.,-1.25595325253488E-16,0.));
#3454=DIRECTION('',(1.,-1.25595325253488E-16,0.));
#3455=DIRECTION('',(1.,-1.25595325253488E-16,0.));
#3456=DIRECTION('',(1.,-1.25595325253488E-16,0.));
#3457=DIRECTION('',(1.,-1.25595325253488E-16,0.));
#3458=DIRECTION('',(0.,-0.103930416659313,-0.994584570809854));
#3459=DIRECTION('',(1.,-1.25595325253488E-16,0.));
#3460=DIRECTION('',(1.,-1.25595325253488E-16,0.));
#3461=DIRECTION('',(0.,-0.29331095162817,-0.956017094854991));
#3462=DIRECTION('',(1.,-1.25595325253488E-16,0.));
#3463=DIRECTION('',(1.25595325253488E-16,1.,0.));
#3464=DIRECTION('',(-1.,1.25595325253488E-16,0.));
#3465=DIRECTION('',(1.,-1.25595325253488E-16,0.));
#3466=DIRECTION('',(1.,-1.25595325253488E-16,0.));
#3467=CARTESIAN_POINT('',(0.,0.,0.));
#3468=CARTESIAN_POINT('',(0.085475,3.14252738177255E-18,0.0299125348574601));
#3469=CARTESIAN_POINT('',(0.085475,-0.0157125943165264,0.0237594266908368));
#3470=CARTESIAN_POINT('',(0.085475,-0.0135277893626893,0.0181803026171545));
#3471=CARTESIAN_POINT('',(0.085475,-0.0147150910290029,0.0212121994908869));
#3472=CARTESIAN_POINT('',(0.085475,3.14252738177255E-18,0.0181803026171545));
#3473=CARTESIAN_POINT('',(0.085475,-0.0123801339734581,0.0181803026171545));
#3474=CARTESIAN_POINT('',(0.085475,-0.0147175471329336,0.0241480553025599));
#3475=CARTESIAN_POINT('',(0.085475,-0.0161298371270006,0.0277538352095043));
#3476=CARTESIAN_POINT('',(0.085475,3.14252738177255E-18,0.0277538352095043));
#3477=CARTESIAN_POINT('',(0.085475,-0.0170625679615212,0.0277538352095043));
#3478=CARTESIAN_POINT('',(0.085475,-0.0140376999461172,0.0354382728920476));
#3479=CARTESIAN_POINT('',(0.085475,-0.0208310509305238,0.0181803026171545));
#3480=CARTESIAN_POINT('',(0.085475,3.14252738177255E-18,0.0181803026171545));
#3481=CARTESIAN_POINT('',(0.085475,-0.0197084352952395,0.0181803026171545));
#3482=CARTESIAN_POINT('',(0.085475,-0.0131963535098101,0.0350166991193411));
#3483=CARTESIAN_POINT('',(0.085475,-0.0185357401520615,0.0212121994908869));
#3484=CARTESIAN_POINT('',(0.085475,3.14252738177255E-18,0.0212121994908869));
#3485=CARTESIAN_POINT('',(0.085475,3.14252738177255E-18,0.0181803026171545));
#3486=CARTESIAN_POINT('',(0.085475,-0.0362075465000586,0.0181803026171545));
#3487=CARTESIAN_POINT('',(0.085475,-0.0374720540743751,0.0181803026171545));
#3488=CARTESIAN_POINT('',(0.085475,-0.0362075465000586,0.0299125348574601));
#3489=CARTESIAN_POINT('',(0.085475,-0.0362075465000586,0.0277141889324218));
#3490=CARTESIAN_POINT('',(0.085475,3.14252738177255E-18,0.0277141889324218));
#3491=CARTESIAN_POINT('',(0.085475,-0.0372446096426911,0.0277141889324218));
#3492=CARTESIAN_POINT('',(0.085475,-0.0372446096426911,0.0299125348574601));
#3493=CARTESIAN_POINT('',(0.085475,-0.0372446096426911,0.0222430026950327));
#3494=CARTESIAN_POINT('',(0.085475,-0.0372112233040953,0.0208762494587665));
#3495=CARTESIAN_POINT('',(0.085475,-0.0372571295196645,0.0218319334010717));
#3496=CARTESIAN_POINT('',(0.085475,-0.0372446096426911,0.0222430026950327));
#3497=CARTESIAN_POINT('',(0.085475,-0.0372112233040953,0.0208762494587665));
#3498=CARTESIAN_POINT('',(0.085475,0.0645437291753744,0.0254956742895658));
#3499=CARTESIAN_POINT('',(0.085475,-0.037153296814488,0.0197452872388333));
#3500=CARTESIAN_POINT('',(0.085475,3.14252738177255E-18,0.0197452872388333));
#3501=CARTESIAN_POINT('',(0.085475,-0.0372049633656086,0.0197452872388333));
#3502=CARTESIAN_POINT('',(0.085475,-0.0307528954222979,0.00985349780667606));
#3503=CARTESIAN_POINT('',(0.085475,-0.0424027989557445,0.0277141889324218));
#3504=CARTESIAN_POINT('',(0.085475,3.14252738177255E-18,0.0277141889324218));
#3505=CARTESIAN_POINT('',(0.085475,-0.0436547866530876,0.0277141889324218));
#3506=CARTESIAN_POINT('',(0.085475,-0.0436547866530876,0.0299125348574601));
#3507=CARTESIAN_POINT('',(0.085475,-0.0436547866530876,0.0181803026171545));
#3508=CARTESIAN_POINT('',(0.085475,3.14252738177255E-18,0.0181803026171545));
#3509=CARTESIAN_POINT('',(0.085475,-0.0426302433874285,0.0181803026171545));
#3510=CARTESIAN_POINT('',(0.085475,-0.0426302433874285,0.0299125348574601));
#3511=CARTESIAN_POINT('',(0.085475,-0.0426298579034078,0.023599324384152));
#3512=CARTESIAN_POINT('',(0.085475,-0.0779211837761985,0.0234451837584039));
#3513=CARTESIAN_POINT('',(0.085475,-0.0427345756955404,0.0261805040031766));
#3514=CARTESIAN_POINT('',(0.085475,3.14252738177255E-18,0.0261805040031766));
#3515=CARTESIAN_POINT('',(0.085475,-0.0426824095414844,0.0261805040031766));
#3516=CARTESIAN_POINT('',(0.085475,-0.0316768492294636,0.00928209862220425));
#3517=CARTESIAN_POINT('',(0.085475,-0.026197904859801,0.0299125348574601));
#3518=CARTESIAN_POINT('',(0.085475,-0.026197904859801,0.0181803026171545));
#3519=CARTESIAN_POINT('',(0.085475,-0.026197904859801,0.0277141889324218));
#3520=CARTESIAN_POINT('',(0.085475,3.14252738177255E-18,0.0181803026171545));
#3521=CARTESIAN_POINT('',(0.085475,-0.0250898957476524,0.0181803026171545));
#3522=CARTESIAN_POINT('',(0.085475,-0.0250898957476524,0.0299125348574601));
#3523=CARTESIAN_POINT('',(0.085475,-0.0250898957476524,0.0277141889324218));
#3524=CARTESIAN_POINT('',(0.085475,3.14252738177255E-18,0.0277141889324218));
#3525=CARTESIAN_POINT('',(0.085475,0.00437772135547859,0.0207176643504364));
#3526=CARTESIAN_POINT('',(0.085475,0.00437772135547859,0.0194594167146066));
#3527=CARTESIAN_POINT('',(0.085475,0.00346481365949929,0.01875413031177));
#3528=CARTESIAN_POINT('',(0.085475,0.00437772135547859,0.0207176643504364));
#3529=CARTESIAN_POINT('',(0.085475,0.00346481365949929,0.01875413031177));
#3530=CARTESIAN_POINT('',(0.085475,0.00381432689167423,0.0223076887260621));
#3531=CARTESIAN_POINT('',(0.085475,0.00437772135547859,0.021694214754364));
#3532=CARTESIAN_POINT('',(0.085475,0.00437772135547859,0.0207176643504364));
#3533=CARTESIAN_POINT('',(0.085475,0.00381432689167423,0.0223076887260621));
#3534=CARTESIAN_POINT('',(0.085475,0.00175063383722044,0.0234553441152932));
#3535=CARTESIAN_POINT('',(0.085475,0.00325093242786985,0.0229211626977602));
#3536=CARTESIAN_POINT('',(0.085475,0.00381432689167423,0.0223076887260621));
#3537=CARTESIAN_POINT('',(0.085475,0.00175063383722044,0.0234553441152932));
#3538=CARTESIAN_POINT('',(0.085475,0.000423526878036792,0.0240385617176388));
#3539=CARTESIAN_POINT('',(0.085475,0.000857549279782394,0.0237746009781157));
#3540=CARTESIAN_POINT('',(0.085475,0.00175063383722044,0.0234553441152932));
#3541=CARTESIAN_POINT('',(0.085475,0.000423526878036792,0.0240385617176388));
#3542=CARTESIAN_POINT('',(0.085475,-0.000193077062904651,0.0246196926738223));
#3543=CARTESIAN_POINT('',(0.085475,-1.04955237087947E-5,0.024302522457162));
#3544=CARTESIAN_POINT('',(0.085475,0.000423526878036792,0.0240385617176388));
#3545=CARTESIAN_POINT('',(0.085475,-0.000193077062904651,0.0246196926738223));
#3546=CARTESIAN_POINT('',(0.085475,-0.00037565860210052,0.025431398030933));
#3547=CARTESIAN_POINT('',(0.085475,-0.00037565860210052,0.0249368628904825));
#3548=CARTESIAN_POINT('',(0.085475,-0.000193077062904651,0.0246196926738223));
#3549=CARTESIAN_POINT('',(0.085475,-0.00037565860210052,0.025431398030933));
#3550=CARTESIAN_POINT('',(0.085475,0.000119919861431106,0.0264809810505389));
#3551=CARTESIAN_POINT('',(0.085475,-0.00037565860210052,0.0261032980951738));
#3552=CARTESIAN_POINT('',(0.085475,-0.00037565860210052,0.025431398030933));
#3553=CARTESIAN_POINT('',(0.085475,0.000119919861431106,0.0264809810505389));
#3554=CARTESIAN_POINT('',(0.085475,0.00149606300542735,0.0268586640059041));
#3555=CARTESIAN_POINT('',(0.085475,0.000615498324962733,0.0268586640059041));
#3556=CARTESIAN_POINT('',(0.085475,0.000119919861431106,0.0264809810505389));
#3557=CARTESIAN_POINT('',(0.085475,0.00149606300542735,0.0268586640059041));
#3558=CARTESIAN_POINT('',(0.085475,0.00379137378388961,0.0263641288654535));
#3559=CARTESIAN_POINT('',(0.085475,0.00261033205606267,0.0268586640059041));
#3560=CARTESIAN_POINT('',(0.085475,0.00149606300542735,0.0268586640059041));
#3561=CARTESIAN_POINT('',(0.085475,0.00379137378388961,0.0263641288654535));
#3562=CARTESIAN_POINT('',(0.085475,0.00448705534550827,0.0283003028501995));
#3563=CARTESIAN_POINT('',(0.085475,0.00413775704682118,0.0273281593924077));
#3564=CARTESIAN_POINT('',(0.085475,0.00152318940553645,0.0278498209329673));
#3565=CARTESIAN_POINT('',(0.085475,0.00294419544202081,0.0278498209329673));
#3566=CARTESIAN_POINT('',(0.085475,0.00413775704682118,0.0273281593924077));
#3567=CARTESIAN_POINT('',(0.085475,0.00152318940553645,0.0278498209329673));
#3568=CARTESIAN_POINT('',(0.085475,-0.000668832387895013,0.0271977440072678));
#3569=CARTESIAN_POINT('',(0.085475,0.000158522815432524,0.0278498209329673));
#3570=CARTESIAN_POINT('',(0.085475,0.00152318940553645,0.0278498209329673));
#3571=CARTESIAN_POINT('',(0.085475,-0.000668832387895013,0.0271977440072678));
#3572=CARTESIAN_POINT('',(0.085475,-0.00149618759122255,0.0254439179079064));
#3573=CARTESIAN_POINT('',(0.085475,-0.00149618759122255,0.0265456670815683));
#3574=CARTESIAN_POINT('',(0.085475,-0.000668832387895013,0.0271977440072678));
#3575=CARTESIAN_POINT('',(0.085475,-0.00149618759122255,0.0254439179079064));
#3576=CARTESIAN_POINT('',(0.085475,-0.000925489865850334,0.023742257962601));
#3577=CARTESIAN_POINT('',(0.085475,-0.00149618759122255,0.0243943348883005));
#3578=CARTESIAN_POINT('',(0.085475,-0.00149618759122255,0.0254439179079064));
#3579=CARTESIAN_POINT('',(0.085475,-0.000925489865850334,0.023742257962601));
#3580=CARTESIAN_POINT('',(0.085475,0.000974401464867744,0.0226144257119111));
#3581=CARTESIAN_POINT('',(0.085475,-0.000354792140478133,0.0230901810369015));
#3582=CARTESIAN_POINT('',(0.085475,-0.000925489865850334,0.023742257962601));
#3583=CARTESIAN_POINT('',(0.085475,0.000974401464867744,0.0226144257119111));
#3584=CARTESIAN_POINT('',(0.085475,0.00239227753210875,0.0220082550017809));
#3585=CARTESIAN_POINT('',(0.085475,0.00192591211484846,0.0222763890336285));
#3586=CARTESIAN_POINT('',(0.085475,0.000974401464867744,0.0226144257119111));
#3587=CARTESIAN_POINT('',(0.085475,0.00239227753210875,0.0220082550017809));
#3588=CARTESIAN_POINT('',(0.085475,0.0030579176578628,0.0214239940763541));
#3589=CARTESIAN_POINT('',(0.085475,0.00285864294936903,0.0217401209699332));
#3590=CARTESIAN_POINT('',(0.085475,0.00239227753210875,0.0220082550017809));
#3591=CARTESIAN_POINT('',(0.085475,0.0030579176578628,0.0214239940763541));
#3592=CARTESIAN_POINT('',(0.085475,0.00325719236635657,0.0206133320423245));
#3593=CARTESIAN_POINT('',(0.085475,0.00325719236635657,0.021107867182775));
#3594=CARTESIAN_POINT('',(0.085475,0.0030579176578628,0.0214239940763541));
#3595=CARTESIAN_POINT('',(0.085475,0.00325719236635657,0.0206133320423245));
#3596=CARTESIAN_POINT('',(0.085475,0.00269588454871443,0.0194416802222276));
#3597=CARTESIAN_POINT('',(0.085475,0.00325719236635657,0.0198621394239187));
#3598=CARTESIAN_POINT('',(0.085475,0.00325719236635657,0.0206133320423245));
#3599=CARTESIAN_POINT('',(0.085475,0.00269588454871443,0.0194416802222276));
#3600=CARTESIAN_POINT('',(0.085475,0.0010265676189237,0.0190212210205365));
#3601=CARTESIAN_POINT('',(0.085475,0.0021345767310723,0.0190212210205365));
#3602=CARTESIAN_POINT('',(0.085475,0.00269588454871443,0.0194416802222276));
#3603=CARTESIAN_POINT('',(0.085475,0.0010265676189237,0.0190212210205365));
#3604=CARTESIAN_POINT('',(0.085475,0.00104093014997582,0.0257144125529342));
#3605=CARTESIAN_POINT('',(0.085475,-0.000342216669426776,0.019165468576709));
#3606=CARTESIAN_POINT('',(0.085475,0.00105295684692111,0.02605023212984));
#3607=CARTESIAN_POINT('',(0.085475,-0.00162138636095685,0.0195548100361907));
#3608=CARTESIAN_POINT('',(0.085475,-0.00162138636095684,0.0299125348574601));
#3609=CARTESIAN_POINT('',(0.085475,-0.00162138636095684,0.0184870396030036));
#3610=CARTESIAN_POINT('',(0.085475,0.000986921341841171,0.0180488439089335));
#3611=CARTESIAN_POINT('',(0.085475,-0.000707435341896431,0.0180488439089335));
#3612=CARTESIAN_POINT('',(0.085475,-0.00162138636095684,0.0184870396030036));
#3613=CARTESIAN_POINT('',(0.085475,0.000986921341841171,0.0180488439089335));
#3614=CARTESIAN_POINT('',(0.085475,0.00346481365949929,0.01875413031177));
#3615=CARTESIAN_POINT('',(0.085475,0.00255190596351999,0.0180488439089335));
#3616=CARTESIAN_POINT('',(0.085475,0.000986921341841171,0.0180488439089335));
#3617=CARTESIAN_POINT('',(0.085475,-0.0214159039384055,0.0315349518224908));
#3618=CARTESIAN_POINT('',(0.085475,-0.0217053556725016,0.0277141889324218));
#3619=CARTESIAN_POINT('',(0.085475,-0.0219661864427814,0.0242712227647284));
#3620=CARTESIAN_POINT('',(0.085475,3.14252738177255E-18,0.0277141889324218));
#3621=CARTESIAN_POINT('',(0.085475,-0.0229176970927621,0.0277141889324218));
#3622=CARTESIAN_POINT('',(0.085475,-0.0229501216533497,0.0281321617837457));
#3623=CARTESIAN_POINT('',(0.085475,-0.0226506063839956,0.0242712227647284));
#3624=CARTESIAN_POINT('',(0.085475,3.14252738177255E-18,0.0242712227647284));
#3625=CARTESIAN_POINT('',(0.085475,0.0754960537329316,0.0464661972569465));
#3626=CARTESIAN_POINT('',(0.085475,0.0754960537329316,0.0434073945138931));
#3627=CARTESIAN_POINT('',(0.085475,0.0754960537329316,0.049525));
#3628=CARTESIAN_POINT('',(0.085475,0.0730192818432279,0.049525));
#3629=CARTESIAN_POINT('',(0.085475,0.0705425099535242,0.049525));
#3630=CARTESIAN_POINT('',(0.085475,0.0463819466531277,0.0248974304689331));
#3631=CARTESIAN_POINT('',(0.085475,0.0222213833527312,0.049525));
#3632=CARTESIAN_POINT('',(0.085475,0.0188587185428314,0.049525));
#3633=CARTESIAN_POINT('',(0.085475,0.0154960537329316,0.049525));
#3634=CARTESIAN_POINT('',(0.085475,0.0154960537329316,0.0448974304689331));
#3635=CARTESIAN_POINT('',(0.085475,0.0154960537329316,0.0402698609378663));
#3636=CARTESIAN_POINT('',(0.085475,0.0463819466531277,0.0248974304689331));
#3637=CARTESIAN_POINT('',(0.085475,0.0154960537329316,0.009525));
#3638=CARTESIAN_POINT('',(0.085475,-0.0397519731335342,0.009525));
#3639=CARTESIAN_POINT('',(0.085475,-0.095,0.009525));
#3640=CARTESIAN_POINT('',(0.085475,-0.055,0.0394763196229934));
#3641=CARTESIAN_POINT('',(0.085475,-0.015,0.069427639245987));
#3642=CARTESIAN_POINT('',(0.085475,0.04,0.0694276392459869));
#3643=CARTESIAN_POINT('',(0.085475,0.095,0.0694276392459869));
#3644=CARTESIAN_POINT('',(0.085475,0.095,0.0394763196229934));
#3645=CARTESIAN_POINT('',(0.085475,0.095,0.009525));
#3646=CARTESIAN_POINT('',(0.085475,0.0861339197866619,0.009525));
#3647=CARTESIAN_POINT('',(0.085475,0.0772678395733237,0.009525));
#3648=CARTESIAN_POINT('',(0.085475,0.0463819466531277,0.0248974304689332));
#3649=CARTESIAN_POINT('',(0.085475,3.14252738177255E-18,0.0181803026171545));
#3650=CARTESIAN_POINT('',(0.085475,-0.00362248003054349,0.0181803026171545));
#3651=CARTESIAN_POINT('',(0.085475,-0.00488698760485997,0.0181803026171545));
#3652=CARTESIAN_POINT('',(0.085475,-0.00362248003054349,0.0299125348574601));
#3653=CARTESIAN_POINT('',(0.085475,-0.00362248003054349,0.0277141889324218));
#3654=CARTESIAN_POINT('',(0.085475,3.14252738177255E-18,0.0277141889324218));
#3655=CARTESIAN_POINT('',(0.085475,-0.00465954317317599,0.0277141889324218));
#3656=CARTESIAN_POINT('',(0.085475,-0.00465954317317599,0.0299125348574601));
#3657=CARTESIAN_POINT('',(0.085475,-0.00465954317317599,0.0222430026950327));
#3658=CARTESIAN_POINT('',(0.085475,-0.00462615683458017,0.0208762494587665));
#3659=CARTESIAN_POINT('',(0.085475,-0.00467206305014941,0.0218319334010717));
#3660=CARTESIAN_POINT('',(0.085475,-0.00465954317317599,0.0222430026950327));
#3661=CARTESIAN_POINT('',(0.085475,-0.00462615683458017,0.0208762494587665));
#3662=CARTESIAN_POINT('',(0.085475,0.0971287956440826,0.0254956742895258));
#3663=CARTESIAN_POINT('',(0.085475,-0.00456823034497282,0.0197452872388333));
#3664=CARTESIAN_POINT('',(0.085475,3.14252738177255E-18,0.0197452872388333));
#3665=CARTESIAN_POINT('',(0.085475,-0.00461989689609346,0.0197452872388333));
#3666=CARTESIAN_POINT('',(0.085475,-0.00789339477640589,0.0247639497859682));
#3667=CARTESIAN_POINT('',(0.085475,-0.00981773248622935,0.0277141889324218));
#3668=CARTESIAN_POINT('',(0.085475,3.14252738177255E-18,0.0277141889324218));
#3669=CARTESIAN_POINT('',(0.085475,-0.0110697201835724,0.0277141889324218));
#3670=CARTESIAN_POINT('',(0.085475,-0.0110697201835724,0.0299125348574601));
#3671=CARTESIAN_POINT('',(0.085475,-0.0110697201835724,0.0181803026171545));
#3672=CARTESIAN_POINT('',(0.085475,3.14252738177255E-18,0.0181803026171545));
#3673=CARTESIAN_POINT('',(0.085475,-0.0100451769179133,0.0181803026171545));
#3674=CARTESIAN_POINT('',(0.085475,-0.0100451769179133,0.0299125348574601));
#3675=CARTESIAN_POINT('',(0.085475,-0.0100447914338927,0.023599324384152));
#3676=CARTESIAN_POINT('',(0.085475,-0.0453361173066948,0.0234451837584038));
#3677=CARTESIAN_POINT('',(0.085475,-0.0101495092260253,0.0261805040031766));
#3678=CARTESIAN_POINT('',(0.085475,3.14252738177255E-18,0.0261805040031766));
#3679=CARTESIAN_POINT('',(0.085475,-0.0100973430719693,0.0261805040031766));
#3680=CARTESIAN_POINT('',(0.085475,-0.00879669818107257,0.0241834385199175));
#3681=CARTESIAN_POINT('',(0.085475,-0.0439650514704291,0.0126956633594049));
#3682=CARTESIAN_POINT('',(0.085475,-0.0461128558322044,0.0181803026171545));
#3683=CARTESIAN_POINT('',(0.085475,-0.0473001574985181,0.0212121994908869));
#3684=CARTESIAN_POINT('',(0.085475,3.14252738177255E-18,0.0181803026171545));
#3685=CARTESIAN_POINT('',(0.085475,-0.0449652004429733,0.0181803026171545));
#3686=CARTESIAN_POINT('',(0.085475,-0.0429686544770715,0.0130828330058259));
#3687=CARTESIAN_POINT('',(0.085475,-0.0487149035965157,0.0277538352095043));
#3688=CARTESIAN_POINT('',(0.085475,3.14252738177255E-18,0.0277538352095043));
#3689=CARTESIAN_POINT('',(0.085475,-0.0496476344310363,0.0277538352095043));
#3690=CARTESIAN_POINT('',(0.085475,-0.0422511254039184,0.0465440807335447));
#3691=CARTESIAN_POINT('',(0.085475,-0.0534161174000389,0.0181803026171545));
#3692=CARTESIAN_POINT('',(0.085475,3.14252738177255E-18,0.0181803026171545));
#3693=CARTESIAN_POINT('',(0.085475,-0.0522935017647546,0.0181803026171545));
#3694=CARTESIAN_POINT('',(0.085475,-0.0415409696331655,0.0459799986797857));
#3695=CARTESIAN_POINT('',(0.085475,-0.0511208066215766,0.0212121994908869));
#3696=CARTESIAN_POINT('',(0.085475,3.14252738177255E-18,0.0212121994908869));
#3697=CARTESIAN_POINT('',(0.085475,3.14252738177255E-18,0.0181803026171545));
#3698=CARTESIAN_POINT('',(0.085475,-0.0306528944161799,0.0181803026171545));
#3699=CARTESIAN_POINT('',(0.085475,-0.0317609035283285,0.0181803026171545));
#3700=CARTESIAN_POINT('',(0.085475,-0.0306528944161799,0.0299125348574601));
#3701=CARTESIAN_POINT('',(0.085475,-0.0306528944161799,0.0267292919438453));
#3702=CARTESIAN_POINT('',(0.085475,3.14252738177255E-18,0.0267292919438453));
#3703=CARTESIAN_POINT('',(0.085475,-0.027633517419421,0.0267292919438453));
#3704=CARTESIAN_POINT('',(0.085475,-0.027633517419421,0.0299125348574601));
#3705=CARTESIAN_POINT('',(0.085475,-0.027633517419421,0.0277141889324218));
#3706=CARTESIAN_POINT('',(0.085475,3.14252738177255E-18,0.0277141889324218));
#3707=CARTESIAN_POINT('',(0.085475,-0.0347802805250876,0.0277141889324218));
#3708=CARTESIAN_POINT('',(0.085475,-0.0347802805250876,0.0299125348574601));
#3709=CARTESIAN_POINT('',(0.085475,-0.0347802805250876,0.0267292919438453));
#3710=CARTESIAN_POINT('',(0.085475,3.14252738177255E-18,0.0267292919438453));
#3711=CARTESIAN_POINT('',(0.085475,-0.0317609035283285,0.0267292919438453));
#3712=CARTESIAN_POINT('',(0.085475,-0.0317609035283285,0.0299125348574601));
#3713=CARTESIAN_POINT('',(0.085475,3.14252738177255E-18,0.0181803026171545));
#3714=CARTESIAN_POINT('',(0.085475,-0.0547202712514379,0.0181803026171545));
#3715=CARTESIAN_POINT('',(0.085475,-0.0558282803635865,0.0181803026171545));
#3716=CARTESIAN_POINT('',(0.085475,-0.0547202712514379,0.0299125348574601));
#3717=CARTESIAN_POINT('',(0.085475,-0.0547202712514379,0.0277141889324218));
#3718=CARTESIAN_POINT('',(0.085475,3.14252738177255E-18,0.0277141889324218));
#3719=CARTESIAN_POINT('',(0.085475,-0.0558282803635865,0.0277141889324218));
#3720=CARTESIAN_POINT('',(0.085475,-0.0558282803635865,0.0299125348574601));
#3721=CARTESIAN_POINT('',(0.085475,-0.0558282803635865,0.0236577487930304));
#3722=CARTESIAN_POINT('',(0.085475,3.14252738177255E-18,0.0236577487930304));
#3723=CARTESIAN_POINT('',(0.085475,-0.0608508376760943,0.0236577487930304));
#3724=CARTESIAN_POINT('',(0.085475,-0.0608508376760943,0.0299125348574601));
#3725=CARTESIAN_POINT('',(0.085475,-0.0608508376760943,0.0277141889324218));
#3726=CARTESIAN_POINT('',(0.085475,3.14252738177255E-18,0.0277141889324218));
#3727=CARTESIAN_POINT('',(0.085475,-0.0619588467882429,0.0277141889324218));
#3728=CARTESIAN_POINT('',(0.085475,-0.0619588467882429,0.0299125348574601));
#3729=CARTESIAN_POINT('',(0.085475,-0.0619588467882429,0.0181803026171545));
#3730=CARTESIAN_POINT('',(0.085475,3.14252738177255E-18,0.0181803026171545));
#3731=CARTESIAN_POINT('',(0.085475,-0.0608508376760943,0.0181803026171545));
#3732=CARTESIAN_POINT('',(0.085475,-0.0608508376760943,0.0299125348574601));
#3733=CARTESIAN_POINT('',(0.085475,-0.0608508376760943,0.0226665918659671));
#3734=CARTESIAN_POINT('',(0.085475,3.14252738177255E-18,0.0226665918659671));
#3735=CARTESIAN_POINT('',(0.085475,-0.0558282803635865,0.0226665918659671));
#3736=CARTESIAN_POINT('',(0.085475,-0.0558282803635865,0.0299125348574601));
#3737=CARTESIAN_POINT('',(0.085475,-0.0639098609499359,0.0207176643504364));
#3738=CARTESIAN_POINT('',(0.085475,-0.0639098609499359,0.0194594167146066));
#3739=CARTESIAN_POINT('',(0.085475,-0.0648227686459152,0.01875413031177));
#3740=CARTESIAN_POINT('',(0.085475,-0.0639098609499359,0.0207176643504364));
#3741=CARTESIAN_POINT('',(0.085475,-0.0648227686459152,0.01875413031177));
#3742=CARTESIAN_POINT('',(0.085475,-0.0644732554137402,0.0223076887260621));
#3743=CARTESIAN_POINT('',(0.085475,-0.0639098609499359,0.021694214754364));
#3744=CARTESIAN_POINT('',(0.085475,-0.0639098609499359,0.0207176643504364));
#3745=CARTESIAN_POINT('',(0.085475,-0.0644732554137402,0.0223076887260621));
#3746=CARTESIAN_POINT('',(0.085475,-0.066536948468194,0.0234553441152932));
#3747=CARTESIAN_POINT('',(0.085475,-0.0650366498775446,0.0229211626977602));
#3748=CARTESIAN_POINT('',(0.085475,-0.0644732554137402,0.0223076887260621));
#3749=CARTESIAN_POINT('',(0.085475,-0.066536948468194,0.0234553441152932));
#3750=CARTESIAN_POINT('',(0.085475,-0.0678640554273777,0.0240385617176388));
#3751=CARTESIAN_POINT('',(0.085475,-0.0674300330256321,0.0237746009781157));
#3752=CARTESIAN_POINT('',(0.085475,-0.066536948468194,0.0234553441152932));
#3753=CARTESIAN_POINT('',(0.085475,-0.0678640554273777,0.0240385617176388));
#3754=CARTESIAN_POINT('',(0.085475,-0.0684806593683191,0.0246196926738223));
#3755=CARTESIAN_POINT('',(0.085475,-0.0682980778291232,0.024302522457162));
#3756=CARTESIAN_POINT('',(0.085475,-0.0678640554273777,0.0240385617176388));
#3757=CARTESIAN_POINT('',(0.085475,-0.0684806593683191,0.0246196926738223));
#3758=CARTESIAN_POINT('',(0.085475,-0.068663240907515,0.025431398030933));
#3759=CARTESIAN_POINT('',(0.085475,-0.068663240907515,0.0249368628904825));
#3760=CARTESIAN_POINT('',(0.085475,-0.0684806593683191,0.0246196926738223));
#3761=CARTESIAN_POINT('',(0.085475,-0.068663240907515,0.025431398030933));
#3762=CARTESIAN_POINT('',(0.085475,-0.0681676624439833,0.0264809810505389));
#3763=CARTESIAN_POINT('',(0.085475,-0.068663240907515,0.0261032980951738));
#3764=CARTESIAN_POINT('',(0.085475,-0.068663240907515,0.025431398030933));
#3765=CARTESIAN_POINT('',(0.085475,-0.0681676624439833,0.0264809810505389));
#3766=CARTESIAN_POINT('',(0.085475,-0.0667915192999871,0.0268586640059041));
#3767=CARTESIAN_POINT('',(0.085475,-0.0676720839804517,0.0268586640059041));
#3768=CARTESIAN_POINT('',(0.085475,-0.0681676624439833,0.0264809810505389));
#3769=CARTESIAN_POINT('',(0.085475,-0.0667915192999871,0.0268586640059041));
#3770=CARTESIAN_POINT('',(0.085475,-0.0644962085215249,0.0263641288654535));
#3771=CARTESIAN_POINT('',(0.085475,-0.0656772502493518,0.0268586640059041));
#3772=CARTESIAN_POINT('',(0.085475,-0.0667915192999871,0.0268586640059041));
#3773=CARTESIAN_POINT('',(0.085475,-0.0644962085215249,0.0263641288654535));
#3774=CARTESIAN_POINT('',(0.085475,-0.0559925077980475,0.0500310549753728));
#3775=CARTESIAN_POINT('',(0.085475,-0.0641498252585933,0.0273281593924077));
#3776=CARTESIAN_POINT('',(0.085475,-0.066764392899878,0.0278498209329673));
#3777=CARTESIAN_POINT('',(0.085475,-0.0653433868633936,0.0278498209329673));
#3778=CARTESIAN_POINT('',(0.085475,-0.0641498252585933,0.0273281593924077));
#3779=CARTESIAN_POINT('',(0.085475,-0.066764392899878,0.0278498209329673));
#3780=CARTESIAN_POINT('',(0.085475,-0.0689564146933095,0.0271977440072678));
#3781=CARTESIAN_POINT('',(0.085475,-0.0681290594899819,0.0278498209329673));
#3782=CARTESIAN_POINT('',(0.085475,-0.066764392899878,0.0278498209329673));
#3783=CARTESIAN_POINT('',(0.085475,-0.0689564146933095,0.0271977440072678));
#3784=CARTESIAN_POINT('',(0.085475,-0.069783769896637,0.0254439179079064));
#3785=CARTESIAN_POINT('',(0.085475,-0.069783769896637,0.0265456670815683));
#3786=CARTESIAN_POINT('',(0.085475,-0.0689564146933095,0.0271977440072678));
#3787=CARTESIAN_POINT('',(0.085475,-0.069783769896637,0.0254439179079064));
#3788=CARTESIAN_POINT('',(0.085475,-0.0692130721712648,0.023742257962601));
#3789=CARTESIAN_POINT('',(0.085475,-0.069783769896637,0.0243943348883005));
#3790=CARTESIAN_POINT('',(0.085475,-0.069783769896637,0.0254439179079064));
#3791=CARTESIAN_POINT('',(0.085475,-0.0692130721712648,0.023742257962601));
#3792=CARTESIAN_POINT('',(0.085475,-0.0673131808405467,0.0226144257119111));
#3793=CARTESIAN_POINT('',(0.085475,-0.0686423744458926,0.0230901810369015));
#3794=CARTESIAN_POINT('',(0.085475,-0.0692130721712648,0.023742257962601));
#3795=CARTESIAN_POINT('',(0.085475,-0.0673131808405467,0.0226144257119111));
#3796=CARTESIAN_POINT('',(0.085475,-0.0658953047733057,0.0220082550017809));
#3797=CARTESIAN_POINT('',(0.085475,-0.066361670190566,0.0222763890336285));
#3798=CARTESIAN_POINT('',(0.085475,-0.0673131808405467,0.0226144257119111));
#3799=CARTESIAN_POINT('',(0.085475,-0.0658953047733057,0.0220082550017809));
#3800=CARTESIAN_POINT('',(0.085475,-0.0652296646475516,0.0214239940763541));
#3801=CARTESIAN_POINT('',(0.085475,-0.0654289393560454,0.0217401209699332));
#3802=CARTESIAN_POINT('',(0.085475,-0.0658953047733057,0.0220082550017809));
#3803=CARTESIAN_POINT('',(0.085475,-0.0652296646475516,0.0214239940763541));
#3804=CARTESIAN_POINT('',(0.085475,-0.0650303899390579,0.0206133320423245));
#3805=CARTESIAN_POINT('',(0.085475,-0.0650303899390579,0.021107867182775));
#3806=CARTESIAN_POINT('',(0.085475,-0.0652296646475516,0.0214239940763541));
#3807=CARTESIAN_POINT('',(0.085475,-0.0650303899390579,0.0206133320423245));
#3808=CARTESIAN_POINT('',(0.085475,-0.0655916977567,0.0194416802222276));
#3809=CARTESIAN_POINT('',(0.085475,-0.0650303899390579,0.0198621394239187));
#3810=CARTESIAN_POINT('',(0.085475,-0.0650303899390579,0.0206133320423245));
#3811=CARTESIAN_POINT('',(0.085475,-0.0655916977567,0.0194416802222276));
#3812=CARTESIAN_POINT('',(0.085475,-0.0672610146864908,0.0190212210205365));
#3813=CARTESIAN_POINT('',(0.085475,-0.0661530055743421,0.0190212210205365));
#3814=CARTESIAN_POINT('',(0.085475,-0.0655916977567,0.0194416802222276));
#3815=CARTESIAN_POINT('',(0.085475,-0.0672610146864908,0.0190212210205365));
#3816=CARTESIAN_POINT('',(0.085475,-0.0672466521549753,0.0257144125573352));
#3817=CARTESIAN_POINT('',(0.085475,-0.0686297989748413,0.019165468576709));
#3818=CARTESIAN_POINT('',(0.085475,-0.0672346254584936,0.026050232129839));
#3819=CARTESIAN_POINT('',(0.085475,-0.069908968668305,0.0195548100348957));
#3820=CARTESIAN_POINT('',(0.085475,-0.0699089686663713,0.0299125348574601));
#3821=CARTESIAN_POINT('',(0.085475,-0.0699089686663713,0.0184870396030036));
#3822=CARTESIAN_POINT('',(0.085475,-0.0673006609635733,0.0180488439089335));
#3823=CARTESIAN_POINT('',(0.085475,-0.0689950176473109,0.0180488439089335));
#3824=CARTESIAN_POINT('',(0.085475,-0.0699089686663713,0.0184870396030036));
#3825=CARTESIAN_POINT('',(0.085475,-0.0673006609635733,0.0180488439089335));
#3826=CARTESIAN_POINT('',(0.085475,-0.0648227686459152,0.01875413031177));
#3827=CARTESIAN_POINT('',(0.085475,-0.0657356763418945,0.0180488439089335));
#3828=CARTESIAN_POINT('',(0.085475,-0.0673006609635733,0.0180488439089335));
#3829=CARTESIAN_POINT('',(0.095,1.94623190873308E-18,0.0299125348574601));
#3830=CARTESIAN_POINT('',(0.095,-0.0547202712514379,0.0229472457747882));
#3831=CARTESIAN_POINT('',(0.095,-0.0547202712514379,0.0277141889324218));
#3832=CARTESIAN_POINT('',(0.095,-0.0547202712514379,0.0181803026171545));
#3833=CARTESIAN_POINT('',(0.095,-0.0552742758075122,0.0181803026171545));
#3834=CARTESIAN_POINT('',(0.095,-0.0558282803635865,0.0181803026171545));
#3835=CARTESIAN_POINT('',(0.095,-0.0558282803635865,0.0204234472415608));
#3836=CARTESIAN_POINT('',(0.095,-0.0558282803635865,0.0226665918659671));
#3837=CARTESIAN_POINT('',(0.095,-0.0583395590198404,0.0226665918659671));
#3838=CARTESIAN_POINT('',(0.095,-0.0608508376760943,0.0226665918659671));
#3839=CARTESIAN_POINT('',(0.095,-0.0608508376760943,0.0204234472415608));
#3840=CARTESIAN_POINT('',(0.095,-0.0608508376760943,0.0181803026171545));
#3841=CARTESIAN_POINT('',(0.095,-0.0614048422321686,0.0181803026171545));
#3842=CARTESIAN_POINT('',(0.095,-0.0619588467882429,0.0181803026171545));
#3843=CARTESIAN_POINT('',(0.095,-0.0619588467882429,0.0229472457747882));
#3844=CARTESIAN_POINT('',(0.095,-0.0619588467882429,0.0277141889324218));
#3845=CARTESIAN_POINT('',(0.095,-0.0614048422321686,0.0277141889324218));
#3846=CARTESIAN_POINT('',(0.095,-0.0608508376760943,0.0277141889324218));
#3847=CARTESIAN_POINT('',(0.095,-0.0608508376760943,0.0256859688627261));
#3848=CARTESIAN_POINT('',(0.095,-0.0608508376760943,0.0236577487930304));
#3849=CARTESIAN_POINT('',(0.095,-0.0583395590198404,0.0236577487930304));
#3850=CARTESIAN_POINT('',(0.095,-0.0558282803635865,0.0236577487930304));
#3851=CARTESIAN_POINT('',(0.095,-0.0558282803635865,0.0256859688627261));
#3852=CARTESIAN_POINT('',(0.095,-0.0558282803635865,0.0277141889324218));
#3853=CARTESIAN_POINT('',(0.095,-0.0552742758075122,0.0277141889324218));
#3854=CARTESIAN_POINT('',(0.095,-0.0362075465000586,0.0229472457747882));
#3855=CARTESIAN_POINT('',(0.095,-0.0362075465000586,0.0277141889324218));
#3856=CARTESIAN_POINT('',(0.095,-0.0362075465000586,0.0181803026171545));
#3857=CARTESIAN_POINT('',(0.095,-0.0368398002872169,0.0181803026171545));
#3858=CARTESIAN_POINT('',(0.095,-0.0374720540743751,0.0181803026171545));
#3859=CARTESIAN_POINT('',(0.095,-0.0400772318079297,0.0221804033101655));
#3860=CARTESIAN_POINT('',(0.095,-0.0426824095414844,0.0261805040031766));
#3861=CARTESIAN_POINT('',(0.095,-0.0427084926185124,0.0261805040031766));
#3862=CARTESIAN_POINT('',(0.095,-0.0427345756955404,0.0261805040031766));
#3863=CARTESIAN_POINT('',(0.095,-0.0779211837761985,0.0234451837584039));
#3864=CARTESIAN_POINT('',(0.09499999975,-0.0426298579034076,0.023599324384152));
#3865=CARTESIAN_POINT('',(0.095,-0.0426302433874285,0.0208898126588211));
#3866=CARTESIAN_POINT('',(0.095,-0.0426302433874285,0.0181803026171545));
#3867=CARTESIAN_POINT('',(0.095,-0.043142515020258,0.0181803026171545));
#3868=CARTESIAN_POINT('',(0.095,-0.0436547866530876,0.0181803026171545));
#3869=CARTESIAN_POINT('',(0.095,-0.0436547866530876,0.0229472457747882));
#3870=CARTESIAN_POINT('',(0.095,-0.0436547866530876,0.0277141889324218));
#3871=CARTESIAN_POINT('',(0.095,-0.043028792804416,0.0277141889324218));
#3872=CARTESIAN_POINT('',(0.095,-0.0424027989557445,0.0277141889324218));
#3873=CARTESIAN_POINT('',(0.095,-0.0398038811606765,0.0237297380856276));
#3874=CARTESIAN_POINT('',(0.095,-0.0372049633656086,0.0197452872388333));
#3875=CARTESIAN_POINT('',(0.095,-0.0371788802885806,0.0197452872388333));
#3876=CARTESIAN_POINT('',(0.095,-0.037153296814488,0.0197452872388333));
#3877=CARTESIAN_POINT('',(0.095,0.0645437291753744,0.0254956742895658));
#3878=CARTESIAN_POINT('',(0.095,-0.0372112233040953,0.0208762494587665));
#3879=CARTESIAN_POINT('',(0.095,-0.0372112233040953,0.0208762494587665));
#3880=CARTESIAN_POINT('',(0.095,-0.0372571295196645,0.0218319334010717));
#3881=CARTESIAN_POINT('',(0.095,-0.0372446096426911,0.0222430026950327));
#3882=CARTESIAN_POINT('',(0.095,-0.0372446096426911,0.0222430026950327));
#3883=CARTESIAN_POINT('',(0.095,-0.0372446096426911,0.0249785958137272));
#3884=CARTESIAN_POINT('',(0.095,-0.0372446096426911,0.0277141889324218));
#3885=CARTESIAN_POINT('',(0.095,-0.0367260780713749,0.0277141889324218));
#3886=CARTESIAN_POINT('',(0.095,-0.0306528944161799,0.0224547972804999));
#3887=CARTESIAN_POINT('',(0.095,-0.0306528944161799,0.0267292919438453));
#3888=CARTESIAN_POINT('',(0.095,-0.0306528944161799,0.0181803026171545));
#3889=CARTESIAN_POINT('',(0.095,-0.0312068989722542,0.0181803026171545));
#3890=CARTESIAN_POINT('',(0.095,-0.0317609035283285,0.0181803026171545));
#3891=CARTESIAN_POINT('',(0.095,-0.0317609035283285,0.0224547972804999));
#3892=CARTESIAN_POINT('',(0.095,-0.0317609035283285,0.0267292919438453));
#3893=CARTESIAN_POINT('',(0.095,-0.0332705920267081,0.0267292919438453));
#3894=CARTESIAN_POINT('',(0.095,-0.0347802805250876,0.0267292919438453));
#3895=CARTESIAN_POINT('',(0.095,-0.0347802805250876,0.0272217404381335));
#3896=CARTESIAN_POINT('',(0.095,-0.0347802805250876,0.0277141889324218));
#3897=CARTESIAN_POINT('',(0.095,-0.0312068989722542,0.0277141889324218));
#3898=CARTESIAN_POINT('',(0.095,-0.027633517419421,0.0277141889324218));
#3899=CARTESIAN_POINT('',(0.095,-0.027633517419421,0.0272217404381335));
#3900=CARTESIAN_POINT('',(0.095,-0.027633517419421,0.0267292919438453));
#3901=CARTESIAN_POINT('',(0.095,-0.0291432059178004,0.0267292919438453));
#3902=CARTESIAN_POINT('',(0.095,-0.0256439003037267,0.0181803026171545));
#3903=CARTESIAN_POINT('',(0.095,-0.0250898957476524,0.0181803026171545));
#3904=CARTESIAN_POINT('',(0.095,-0.026197904859801,0.0181803026171545));
#3905=CARTESIAN_POINT('',(0.095,-0.026197904859801,0.0229472457747882));
#3906=CARTESIAN_POINT('',(0.095,-0.026197904859801,0.0277141889324218));
#3907=CARTESIAN_POINT('',(0.095,-0.0256439003037267,0.0277141889324218));
#3908=CARTESIAN_POINT('',(0.095,-0.0250898957476524,0.0277141889324218));
#3909=CARTESIAN_POINT('',(0.095,-0.0250898957476524,0.0229472457747882));
#3910=CARTESIAN_POINT('',(0.095,-0.0455390281375888,0.0181803026171545));
#3911=CARTESIAN_POINT('',(0.095,-0.0449652004429733,0.0181803026171545));
#3912=CARTESIAN_POINT('',(0.095,-0.0461128558322044,0.0181803026171545));
#3913=CARTESIAN_POINT('',(0.095,-0.0467065066653612,0.0196962510540207));
#3914=CARTESIAN_POINT('',(0.095,-0.0473001574985181,0.0212121994908869));
#3915=CARTESIAN_POINT('',(0.095,-0.0492104820600473,0.0212121994908869));
#3916=CARTESIAN_POINT('',(0.095,-0.0511208066215766,0.0212121994908869));
#3917=CARTESIAN_POINT('',(0.095,-0.0517071541931656,0.0196962510540207));
#3918=CARTESIAN_POINT('',(0.095,-0.0522935017647546,0.0181803026171545));
#3919=CARTESIAN_POINT('',(0.095,-0.0528548095823967,0.0181803026171545));
#3920=CARTESIAN_POINT('',(0.095,-0.0534161174000389,0.0181803026171545));
#3921=CARTESIAN_POINT('',(0.095,-0.0515318759155376,0.0229670689133294));
#3922=CARTESIAN_POINT('',(0.095,-0.0496476344310363,0.0277538352095043));
#3923=CARTESIAN_POINT('',(0.095,-0.049181269013776,0.0277538352095043));
#3924=CARTESIAN_POINT('',(0.095,-0.0487149035965157,0.0277538352095043));
#3925=CARTESIAN_POINT('',(0.095,-0.0468400520197445,0.0229670689133294));
#3926=CARTESIAN_POINT('',(0.095,0.0754960537329316,0.0464661972569465));
#3927=CARTESIAN_POINT('',(0.095,0.0754960537329316,0.0434073945138931));
#3928=CARTESIAN_POINT('',(0.095,0.0754960537329316,0.049525));
#3929=CARTESIAN_POINT('',(0.095,0.0463819466531277,0.0248974304689332));
#3930=CARTESIAN_POINT('',(0.095,0.0772678395733237,0.009525));
#3931=CARTESIAN_POINT('',(0.095,0.0861339197866619,0.009525));
#3932=CARTESIAN_POINT('',(0.095,0.095,0.009525));
#3933=CARTESIAN_POINT('',(0.095,0.095,0.0394763196229934));
#3934=CARTESIAN_POINT('',(0.095,0.095,0.0694276392459869));
#3935=CARTESIAN_POINT('',(0.095,0.04,0.0694276392459869));
#3936=CARTESIAN_POINT('',(0.095,-0.015,0.069427639245987));
#3937=CARTESIAN_POINT('',(0.095,-0.055,0.0394763196229934));
#3938=CARTESIAN_POINT('',(0.095,-0.095,0.009525));
#3939=CARTESIAN_POINT('',(0.095,-0.0397519731335342,0.009525));
#3940=CARTESIAN_POINT('',(0.095,0.0154960537329316,0.009525));
#3941=CARTESIAN_POINT('',(0.095,0.0463819466531277,0.0248974304689331));
#3942=CARTESIAN_POINT('',(0.095,0.0154960537329316,0.0402698609378663));
#3943=CARTESIAN_POINT('',(0.095,0.0154960537329316,0.0448974304689331));
#3944=CARTESIAN_POINT('',(0.095,0.0154960537329316,0.049525));
#3945=CARTESIAN_POINT('',(0.095,0.0188587185428314,0.049525));
#3946=CARTESIAN_POINT('',(0.095,0.0222213833527312,0.049525));
#3947=CARTESIAN_POINT('',(0.095,0.0463819466531277,0.0248974304689331));
#3948=CARTESIAN_POINT('',(0.095,0.0705425099535242,0.049525));
#3949=CARTESIAN_POINT('',(0.095,0.0730192818432279,0.049525));
#3950=CARTESIAN_POINT('',(0.095,-0.0223115263826319,0.0277141889324218));
#3951=CARTESIAN_POINT('',(0.095,-0.0229176970927621,0.0277141889324218));
#3952=CARTESIAN_POINT('',(0.095,-0.0217053556725016,0.0277141889324218));
#3953=CARTESIAN_POINT('',(0.095,-0.0218357710576415,0.0259927058485751));
#3954=CARTESIAN_POINT('',(0.095,-0.0219661864427814,0.0242712227647284));
#3955=CARTESIAN_POINT('',(0.095,-0.0223083964133885,0.0242712227647284));
#3956=CARTESIAN_POINT('',(0.095,-0.0226506063839956,0.0242712227647284));
#3957=CARTESIAN_POINT('',(0.095,-0.0227841517383789,0.0259927058485751));
#3958=CARTESIAN_POINT('',(0.095,-0.00362248003054349,0.0229472457747882));
#3959=CARTESIAN_POINT('',(0.095,-0.00362248003054349,0.0277141889324218));
#3960=CARTESIAN_POINT('',(0.095,-0.00362248003054349,0.0181803026171545));
#3961=CARTESIAN_POINT('',(0.095,-0.00425473381770174,0.0181803026171545));
#3962=CARTESIAN_POINT('',(0.095,-0.00488698760485997,0.0181803026171545));
#3963=CARTESIAN_POINT('',(0.095,-0.00749216533841464,0.0221804033101655));
#3964=CARTESIAN_POINT('',(0.095,-0.0100973430719693,0.0261805040031766));
#3965=CARTESIAN_POINT('',(0.095,-0.0101234261489973,0.0261805040031766));
#3966=CARTESIAN_POINT('',(0.095,-0.0101495092260253,0.0261805040031766));
#3967=CARTESIAN_POINT('',(0.095,-0.0453361173066948,0.0234451837584038));
#3968=CARTESIAN_POINT('',(0.09499999975,-0.0100447914338925,0.023599324384152));
#3969=CARTESIAN_POINT('',(0.095,-0.0100451769179133,0.0208898126588211));
#3970=CARTESIAN_POINT('',(0.095,-0.0100451769179133,0.0181803026171545));
#3971=CARTESIAN_POINT('',(0.095,-0.0105574485507429,0.0181803026171545));
#3972=CARTESIAN_POINT('',(0.095,-0.0110697201835724,0.0181803026171545));
#3973=CARTESIAN_POINT('',(0.095,-0.0110697201835724,0.0229472457747882));
#3974=CARTESIAN_POINT('',(0.095,-0.0110697201835724,0.0277141889324218));
#3975=CARTESIAN_POINT('',(0.095,-0.0104437263349009,0.0277141889324218));
#3976=CARTESIAN_POINT('',(0.095,-0.00981773248622935,0.0277141889324218));
#3977=CARTESIAN_POINT('',(0.095,-0.00721881469116141,0.0237297380856276));
#3978=CARTESIAN_POINT('',(0.095,-0.00461989689609346,0.0197452872388333));
#3979=CARTESIAN_POINT('',(0.095,-0.00459381381906548,0.0197452872388333));
#3980=CARTESIAN_POINT('',(0.095,-0.00456823034497282,0.0197452872388333));
#3981=CARTESIAN_POINT('',(0.095,0.0971287956440826,0.0254956742895258));
#3982=CARTESIAN_POINT('',(0.095,-0.00462615683458017,0.0208762494587665));
#3983=CARTESIAN_POINT('',(0.095,-0.00462615683458017,0.0208762494587665));
#3984=CARTESIAN_POINT('',(0.095,-0.00467206305014942,0.0218319334010717));
#3985=CARTESIAN_POINT('',(0.095,-0.00465954317317599,0.0222430026950327));
#3986=CARTESIAN_POINT('',(0.095,-0.00465954317317599,0.0222430026950327));
#3987=CARTESIAN_POINT('',(0.095,-0.00465954317317599,0.0249785958137272));
#3988=CARTESIAN_POINT('',(0.095,-0.00465954317317599,0.0277141889324218));
#3989=CARTESIAN_POINT('',(0.095,-0.00414101160185974,0.0277141889324218));
#3990=CARTESIAN_POINT('',(0.095,0.00381432689167423,0.0223076887260621));
#3991=CARTESIAN_POINT('',(0.095,0.00437772135547859,0.021694214754364));
#3992=CARTESIAN_POINT('',(0.095,0.00437772135547859,0.0207176643504364));
#3993=CARTESIAN_POINT('',(0.095,0.00381432689167423,0.0223076887260621));
#3994=CARTESIAN_POINT('',(0.095,0.00437772135547859,0.0207176643504364));
#3995=CARTESIAN_POINT('',(0.095,0.00437772135547859,0.0207176643504364));
#3996=CARTESIAN_POINT('',(0.095,0.00437772135547859,0.0194594167146066));
#3997=CARTESIAN_POINT('',(0.095,0.00346481365949929,0.01875413031177));
#3998=CARTESIAN_POINT('',(0.095,0.00346481365949929,0.01875413031177));
#3999=CARTESIAN_POINT('',(0.095,0.00346481365949929,0.01875413031177));
#4000=CARTESIAN_POINT('',(0.095,0.00255190596351998,0.0180488439089335));
#4001=CARTESIAN_POINT('',(0.095,0.00098692134184117,0.0180488439089335));
#4002=CARTESIAN_POINT('',(0.095,0.00098692134184117,0.0180488439089335));
#4003=CARTESIAN_POINT('',(0.095,0.00098692134184117,0.0180488439089335));
#4004=CARTESIAN_POINT('',(0.095,-0.000707435341896432,0.0180488439089335));
#4005=CARTESIAN_POINT('',(0.095,-0.00162138636095685,0.0184870396030036));
#4006=CARTESIAN_POINT('',(0.095,-0.00162138636095685,0.0184870396030036));
#4007=CARTESIAN_POINT('',(0.095,-0.00162138636095685,0.0190212210205365));
#4008=CARTESIAN_POINT('',(0.095,-0.00162138636095685,0.0195548100361907));
#4009=CARTESIAN_POINT('',(0.095,0.00105295684692111,0.02605023212984));
#4010=CARTESIAN_POINT('',(0.09499999975,-0.000342216697378532,0.0191654685787683));
#4011=CARTESIAN_POINT('',(0.095,0.00104093014997582,0.0257144125529342));
#4012=CARTESIAN_POINT('',(0.095,0.0010265676189237,0.0190212210205365));
#4013=CARTESIAN_POINT('',(0.095,0.0010265676189237,0.0190212210205365));
#4014=CARTESIAN_POINT('',(0.095,0.0021345767310723,0.0190212210205365));
#4015=CARTESIAN_POINT('',(0.095,0.00269588454871443,0.0194416802222276));
#4016=CARTESIAN_POINT('',(0.095,0.00269588454871443,0.0194416802222276));
#4017=CARTESIAN_POINT('',(0.095,0.00269588454871443,0.0194416802222276));
#4018=CARTESIAN_POINT('',(0.095,0.00325719236635657,0.0198621394239187));
#4019=CARTESIAN_POINT('',(0.095,0.00325719236635657,0.0206133320423245));
#4020=CARTESIAN_POINT('',(0.095,0.00325719236635657,0.0206133320423245));
#4021=CARTESIAN_POINT('',(0.095,0.00325719236635657,0.0206133320423245));
#4022=CARTESIAN_POINT('',(0.095,0.00325719236635657,0.021107867182775));
#4023=CARTESIAN_POINT('',(0.095,0.0030579176578628,0.0214239940763541));
#4024=CARTESIAN_POINT('',(0.095,0.0030579176578628,0.0214239940763541));
#4025=CARTESIAN_POINT('',(0.095,0.0030579176578628,0.0214239940763541));
#4026=CARTESIAN_POINT('',(0.095,0.00285864294936903,0.0217401209699332));
#4027=CARTESIAN_POINT('',(0.095,0.00239227753210875,0.0220082550017809));
#4028=CARTESIAN_POINT('',(0.095,0.00239227753210875,0.0220082550017809));
#4029=CARTESIAN_POINT('',(0.095,0.00239227753210875,0.0220082550017809));
#4030=CARTESIAN_POINT('',(0.095,0.00192591211484846,0.0222763890336285));
#4031=CARTESIAN_POINT('',(0.095,0.000974401464867743,0.0226144257119111));
#4032=CARTESIAN_POINT('',(0.095,0.000974401464867743,0.0226144257119111));
#4033=CARTESIAN_POINT('',(0.095,0.000974401464867743,0.0226144257119111));
#4034=CARTESIAN_POINT('',(0.095,-0.000354792140478134,0.0230901810369015));
#4035=CARTESIAN_POINT('',(0.095,-0.000925489865850335,0.023742257962601));
#4036=CARTESIAN_POINT('',(0.095,-0.000925489865850335,0.023742257962601));
#4037=CARTESIAN_POINT('',(0.095,-0.000925489865850335,0.023742257962601));
#4038=CARTESIAN_POINT('',(0.095,-0.00149618759122255,0.0243943348883005));
#4039=CARTESIAN_POINT('',(0.095,-0.00149618759122255,0.0254439179079064));
#4040=CARTESIAN_POINT('',(0.095,-0.00149618759122255,0.0254439179079064));
#4041=CARTESIAN_POINT('',(0.095,-0.00149618759122255,0.0254439179079064));
#4042=CARTESIAN_POINT('',(0.095,-0.00149618759122255,0.0265456670815683));
#4043=CARTESIAN_POINT('',(0.095,-0.000668832387895014,0.0271977440072678));
#4044=CARTESIAN_POINT('',(0.095,-0.000668832387895014,0.0271977440072678));
#4045=CARTESIAN_POINT('',(0.095,-0.000668832387895014,0.0271977440072678));
#4046=CARTESIAN_POINT('',(0.095,0.000158522815432523,0.0278498209329673));
#4047=CARTESIAN_POINT('',(0.095,0.00152318940553645,0.0278498209329673));
#4048=CARTESIAN_POINT('',(0.095,0.00152318940553645,0.0278498209329673));
#4049=CARTESIAN_POINT('',(0.095,0.00152318940553645,0.0278498209329673));
#4050=CARTESIAN_POINT('',(0.095,0.00294419544202081,0.0278498209329673));
#4051=CARTESIAN_POINT('',(0.095,0.00413775704682118,0.0273281593924077));
#4052=CARTESIAN_POINT('',(0.095,0.00413775704682118,0.0273281593924077));
#4053=CARTESIAN_POINT('',(0.095,0.00396456541535539,0.0268461441289306));
#4054=CARTESIAN_POINT('',(0.095,0.00379137378388961,0.0263641288654535));
#4055=CARTESIAN_POINT('',(0.095,0.00379137378388961,0.0263641288654535));
#4056=CARTESIAN_POINT('',(0.095,0.00261033205606267,0.0268586640059041));
#4057=CARTESIAN_POINT('',(0.095,0.00149606300542735,0.0268586640059041));
#4058=CARTESIAN_POINT('',(0.095,0.00149606300542735,0.0268586640059041));
#4059=CARTESIAN_POINT('',(0.095,0.00149606300542735,0.0268586640059041));
#4060=CARTESIAN_POINT('',(0.095,0.000615498324962731,0.0268586640059041));
#4061=CARTESIAN_POINT('',(0.095,0.000119919861431105,0.0264809810505389));
#4062=CARTESIAN_POINT('',(0.095,0.000119919861431105,0.0264809810505389));
#4063=CARTESIAN_POINT('',(0.095,0.000119919861431105,0.0264809810505389));
#4064=CARTESIAN_POINT('',(0.095,-0.000375658602100521,0.0261032980951738));
#4065=CARTESIAN_POINT('',(0.095,-0.000375658602100521,0.025431398030933));
#4066=CARTESIAN_POINT('',(0.095,-0.000375658602100521,0.025431398030933));
#4067=CARTESIAN_POINT('',(0.095,-0.000375658602100521,0.025431398030933));
#4068=CARTESIAN_POINT('',(0.095,-0.000375658602100521,0.0249368628904825));
#4069=CARTESIAN_POINT('',(0.095,-0.000193077062904652,0.0246196926738223));
#4070=CARTESIAN_POINT('',(0.095,-0.000193077062904652,0.0246196926738223));
#4071=CARTESIAN_POINT('',(0.095,-0.000193077062904652,0.0246196926738223));
#4072=CARTESIAN_POINT('',(0.095,-1.04955237087959E-5,0.024302522457162));
#4073=CARTESIAN_POINT('',(0.095,0.000423526878036791,0.0240385617176388));
#4074=CARTESIAN_POINT('',(0.095,0.000423526878036791,0.0240385617176388));
#4075=CARTESIAN_POINT('',(0.095,0.000423526878036791,0.0240385617176388));
#4076=CARTESIAN_POINT('',(0.095,0.000857549279782393,0.0237746009781157));
#4077=CARTESIAN_POINT('',(0.095,0.00175063383722044,0.0234553441152932));
#4078=CARTESIAN_POINT('',(0.095,0.00175063383722044,0.0234553441152932));
#4079=CARTESIAN_POINT('',(0.095,0.00175063383722044,0.0234553441152932));
#4080=CARTESIAN_POINT('',(0.095,0.00325093242786985,0.0229211626977602));
#4081=CARTESIAN_POINT('',(0.095,0.00381432689167423,0.0223076887260621));
#4082=CARTESIAN_POINT('',(0.095,-0.0129539616680737,0.0181803026171545));
#4083=CARTESIAN_POINT('',(0.095,-0.0123801339734581,0.0181803026171545));
#4084=CARTESIAN_POINT('',(0.095,-0.0135277893626893,0.0181803026171545));
#4085=CARTESIAN_POINT('',(0.095,-0.0141214401958461,0.0196962510540207));
#4086=CARTESIAN_POINT('',(0.095,-0.0147150910290029,0.0212121994908869));
#4087=CARTESIAN_POINT('',(0.095,-0.0166254155905322,0.0212121994908869));
#4088=CARTESIAN_POINT('',(0.095,-0.0185357401520615,0.0212121994908869));
#4089=CARTESIAN_POINT('',(0.095,-0.0191220877236505,0.0196962510540207));
#4090=CARTESIAN_POINT('',(0.095,-0.0197084352952395,0.0181803026171545));
#4091=CARTESIAN_POINT('',(0.095,-0.0202697431128816,0.0181803026171545));
#4092=CARTESIAN_POINT('',(0.095,-0.0208310509305238,0.0181803026171545));
#4093=CARTESIAN_POINT('',(0.095,-0.0189468094460225,0.0229670689133294));
#4094=CARTESIAN_POINT('',(0.095,-0.0170625679615212,0.0277538352095043));
#4095=CARTESIAN_POINT('',(0.095,-0.0165962025442608,0.0277538352095043));
#4096=CARTESIAN_POINT('',(0.095,-0.0161298371270006,0.0277538352095043));
#4097=CARTESIAN_POINT('',(0.095,-0.0142549855502293,0.0229670689133294));
#4098=CARTESIAN_POINT('',(0.095,-0.0644732554137402,0.0223076887260621));
#4099=CARTESIAN_POINT('',(0.095,-0.0639098609499359,0.021694214754364));
#4100=CARTESIAN_POINT('',(0.095,-0.0639098609499359,0.0207176643504364));
#4101=CARTESIAN_POINT('',(0.095,-0.0644732554137402,0.0223076887260621));
#4102=CARTESIAN_POINT('',(0.095,-0.0639098609499359,0.0207176643504364));
#4103=CARTESIAN_POINT('',(0.095,-0.0639098609499359,0.0207176643504364));
#4104=CARTESIAN_POINT('',(0.095,-0.0639098609499359,0.0194594167146066));
#4105=CARTESIAN_POINT('',(0.095,-0.0648227686459152,0.01875413031177));
#4106=CARTESIAN_POINT('',(0.095,-0.0648227686459152,0.01875413031177));
#4107=CARTESIAN_POINT('',(0.095,-0.0648227686459152,0.01875413031177));
#4108=CARTESIAN_POINT('',(0.095,-0.0657356763418945,0.0180488439089335));
#4109=CARTESIAN_POINT('',(0.095,-0.0673006609635733,0.0180488439089335));
#4110=CARTESIAN_POINT('',(0.095,-0.0673006609635733,0.0180488439089335));
#4111=CARTESIAN_POINT('',(0.095,-0.0673006609635733,0.0180488439089335));
#4112=CARTESIAN_POINT('',(0.095,-0.0689950176473109,0.0180488439089335));
#4113=CARTESIAN_POINT('',(0.095,-0.0699089686663713,0.0184870396030036));
#4114=CARTESIAN_POINT('',(0.095,-0.0699089686663713,0.0184870396030036));
#4115=CARTESIAN_POINT('',(0.095,-0.0699089686663713,0.0190212210205365));
#4116=CARTESIAN_POINT('',(0.095,-0.069908968668305,0.0195548100348957));
#4117=CARTESIAN_POINT('',(0.095,-0.0672346254584936,0.026050232129839));
#4118=CARTESIAN_POINT('',(0.09499999975,-0.0686297990027931,0.0191654685787683));
#4119=CARTESIAN_POINT('',(0.095,-0.0672466521549753,0.0257144125573352));
#4120=CARTESIAN_POINT('',(0.095,-0.0672610146864908,0.0190212210205365));
#4121=CARTESIAN_POINT('',(0.095,-0.0672610146864908,0.0190212210205365));
#4122=CARTESIAN_POINT('',(0.095,-0.0661530055743421,0.0190212210205365));
#4123=CARTESIAN_POINT('',(0.095,-0.0655916977567,0.0194416802222276));
#4124=CARTESIAN_POINT('',(0.095,-0.0655916977567,0.0194416802222276));
#4125=CARTESIAN_POINT('',(0.095,-0.0655916977567,0.0194416802222276));
#4126=CARTESIAN_POINT('',(0.095,-0.0650303899390579,0.0198621394239187));
#4127=CARTESIAN_POINT('',(0.095,-0.0650303899390579,0.0206133320423245));
#4128=CARTESIAN_POINT('',(0.095,-0.0650303899390579,0.0206133320423245));
#4129=CARTESIAN_POINT('',(0.095,-0.0650303899390579,0.0206133320423245));
#4130=CARTESIAN_POINT('',(0.095,-0.0650303899390579,0.021107867182775));
#4131=CARTESIAN_POINT('',(0.095,-0.0652296646475516,0.0214239940763541));
#4132=CARTESIAN_POINT('',(0.095,-0.0652296646475516,0.0214239940763541));
#4133=CARTESIAN_POINT('',(0.095,-0.0652296646475516,0.0214239940763541));
#4134=CARTESIAN_POINT('',(0.095,-0.0654289393560454,0.0217401209699332));
#4135=CARTESIAN_POINT('',(0.095,-0.0658953047733057,0.0220082550017809));
#4136=CARTESIAN_POINT('',(0.095,-0.0658953047733057,0.0220082550017809));
#4137=CARTESIAN_POINT('',(0.095,-0.0658953047733057,0.0220082550017809));
#4138=CARTESIAN_POINT('',(0.095,-0.066361670190566,0.0222763890336285));
#4139=CARTESIAN_POINT('',(0.095,-0.0673131808405467,0.0226144257119111));
#4140=CARTESIAN_POINT('',(0.095,-0.0673131808405467,0.0226144257119111));
#4141=CARTESIAN_POINT('',(0.095,-0.0673131808405467,0.0226144257119111));
#4142=CARTESIAN_POINT('',(0.095,-0.0686423744458926,0.0230901810369015));
#4143=CARTESIAN_POINT('',(0.095,-0.0692130721712648,0.023742257962601));
#4144=CARTESIAN_POINT('',(0.095,-0.0692130721712648,0.023742257962601));
#4145=CARTESIAN_POINT('',(0.095,-0.0692130721712648,0.023742257962601));
#4146=CARTESIAN_POINT('',(0.095,-0.069783769896637,0.0243943348883005));
#4147=CARTESIAN_POINT('',(0.095,-0.069783769896637,0.0254439179079064));
#4148=CARTESIAN_POINT('',(0.095,-0.069783769896637,0.0254439179079064));
#4149=CARTESIAN_POINT('',(0.095,-0.069783769896637,0.0254439179079064));
#4150=CARTESIAN_POINT('',(0.095,-0.069783769896637,0.0265456670815683));
#4151=CARTESIAN_POINT('',(0.095,-0.0689564146933095,0.0271977440072678));
#4152=CARTESIAN_POINT('',(0.095,-0.0689564146933095,0.0271977440072678));
#4153=CARTESIAN_POINT('',(0.095,-0.0689564146933095,0.0271977440072678));
#4154=CARTESIAN_POINT('',(0.095,-0.0681290594899819,0.0278498209329673));
#4155=CARTESIAN_POINT('',(0.095,-0.066764392899878,0.0278498209329673));
#4156=CARTESIAN_POINT('',(0.095,-0.066764392899878,0.0278498209329673));
#4157=CARTESIAN_POINT('',(0.095,-0.066764392899878,0.0278498209329673));
#4158=CARTESIAN_POINT('',(0.095,-0.0653433868633936,0.0278498209329673));
#4159=CARTESIAN_POINT('',(0.095,-0.0641498252585933,0.0273281593924077));
#4160=CARTESIAN_POINT('',(0.095,-0.0641498252585933,0.0273281593924077));
#4161=CARTESIAN_POINT('',(0.095,-0.0643230168900591,0.0268461441289306));
#4162=CARTESIAN_POINT('',(0.095,-0.0644962085215249,0.0263641288654535));
#4163=CARTESIAN_POINT('',(0.095,-0.0644962085215249,0.0263641288654535));
#4164=CARTESIAN_POINT('',(0.095,-0.0656772502493518,0.0268586640059041));
#4165=CARTESIAN_POINT('',(0.095,-0.0667915192999871,0.0268586640059041));
#4166=CARTESIAN_POINT('',(0.095,-0.0667915192999871,0.0268586640059041));
#4167=CARTESIAN_POINT('',(0.095,-0.0667915192999871,0.0268586640059041));
#4168=CARTESIAN_POINT('',(0.095,-0.0676720839804517,0.0268586640059041));
#4169=CARTESIAN_POINT('',(0.095,-0.0681676624439833,0.0264809810505389));
#4170=CARTESIAN_POINT('',(0.095,-0.0681676624439833,0.0264809810505389));
#4171=CARTESIAN_POINT('',(0.095,-0.0681676624439833,0.0264809810505389));
#4172=CARTESIAN_POINT('',(0.095,-0.068663240907515,0.0261032980951738));
#4173=CARTESIAN_POINT('',(0.095,-0.068663240907515,0.025431398030933));
#4174=CARTESIAN_POINT('',(0.095,-0.068663240907515,0.025431398030933));
#4175=CARTESIAN_POINT('',(0.095,-0.068663240907515,0.025431398030933));
#4176=CARTESIAN_POINT('',(0.095,-0.068663240907515,0.0249368628904825));
#4177=CARTESIAN_POINT('',(0.095,-0.0684806593683191,0.0246196926738223));
#4178=CARTESIAN_POINT('',(0.095,-0.0684806593683191,0.0246196926738223));
#4179=CARTESIAN_POINT('',(0.095,-0.0684806593683191,0.0246196926738223));
#4180=CARTESIAN_POINT('',(0.095,-0.0682980778291232,0.024302522457162));
#4181=CARTESIAN_POINT('',(0.095,-0.0678640554273777,0.0240385617176388));
#4182=CARTESIAN_POINT('',(0.095,-0.0678640554273777,0.0240385617176388));
#4183=CARTESIAN_POINT('',(0.095,-0.0678640554273777,0.0240385617176388));
#4184=CARTESIAN_POINT('',(0.095,-0.0674300330256321,0.0237746009781157));
#4185=CARTESIAN_POINT('',(0.095,-0.066536948468194,0.0234553441152932));
#4186=CARTESIAN_POINT('',(0.095,-0.066536948468194,0.0234553441152932));
#4187=CARTESIAN_POINT('',(0.095,-0.066536948468194,0.0234553441152932));
#4188=CARTESIAN_POINT('',(0.095,-0.0650366498775446,0.0229211626977602));
#4189=CARTESIAN_POINT('',(0.095,-0.0644732554137402,0.0223076887260621));
#4190=CARTESIAN_POINT('',(0.085475,0.0754960537329316,0.0464661972569465));
#4191=CARTESIAN_POINT('',(0.085475,0.0754960537329316,0.049525));
#4192=CARTESIAN_POINT('',(0.085475,0.0754960537329316,0.0434073945138931));
#4193=CARTESIAN_POINT('',(0.085475,0.0463819466531277,0.0248974304689332));
#4194=CARTESIAN_POINT('',(0.085475,0.0772678395733237,0.009525));
#4195=CARTESIAN_POINT('',(0.085475,0.0861339197866619,0.009525));
#4196=CARTESIAN_POINT('',(0.085475,0.095,0.009525));
#4197=CARTESIAN_POINT('',(0.085475,0.095,0.0394763196229934));
#4198=CARTESIAN_POINT('',(0.085475,0.095,0.0694276392459869));
#4199=CARTESIAN_POINT('',(0.085475,0.04,0.0694276392459869));
#4200=CARTESIAN_POINT('',(0.085475,-0.015,0.069427639245987));
#4201=CARTESIAN_POINT('',(0.085475,-0.055,0.0394763196229934));
#4202=CARTESIAN_POINT('',(0.085475,-0.095,0.009525));
#4203=CARTESIAN_POINT('',(0.085475,-0.0397519731335342,0.009525));
#4204=CARTESIAN_POINT('',(0.085475,0.0154960537329316,0.009525));
#4205=CARTESIAN_POINT('',(0.085475,0.0463819466531277,0.0248974304689331));
#4206=CARTESIAN_POINT('',(0.085475,0.0154960537329316,0.0402698609378663));
#4207=CARTESIAN_POINT('',(0.085475,0.0154960537329316,0.0448974304689331));
#4208=CARTESIAN_POINT('',(0.085475,0.0154960537329316,0.049525));
#4209=CARTESIAN_POINT('',(0.085475,0.0188587185428314,0.049525));
#4210=CARTESIAN_POINT('',(0.085475,0.0222213833527312,0.049525));
#4211=CARTESIAN_POINT('',(0.085475,0.0463819466531277,0.0248974304689331));
#4212=CARTESIAN_POINT('',(0.085475,0.0705425099535242,0.049525));
#4213=CARTESIAN_POINT('',(0.085475,0.0730192818432279,0.049525));
#4214=CARTESIAN_POINT('',(0.07,-0.0218357710576415,0.0259927058485751));
#4215=CARTESIAN_POINT('',(0.07,-0.0219661864427814,0.0242712227647284));
#4216=CARTESIAN_POINT('',(0.07,-0.0217053556725016,0.0277141889324218));
#4217=CARTESIAN_POINT('',(0.07,-0.0223115263826318,0.0277141889324218));
#4218=CARTESIAN_POINT('',(0.07,-0.0229176970927621,0.0277141889324218));
#4219=CARTESIAN_POINT('',(0.07,-0.0227841517383789,0.0259927058485751));
#4220=CARTESIAN_POINT('',(0.07,-0.0226506063839956,0.0242712227647284));
#4221=CARTESIAN_POINT('',(0.07,-0.0223083964133885,0.0242712227647284));
#4222=CARTESIAN_POINT('',(0.07,-0.00425473381770173,0.0181803026171545));
#4223=CARTESIAN_POINT('',(0.07,-0.00488698760485997,0.0181803026171545));
#4224=CARTESIAN_POINT('',(0.07,-0.00362248003054349,0.0181803026171545));
#4225=CARTESIAN_POINT('',(0.07,-0.00362248003054349,0.0229472457747882));
#4226=CARTESIAN_POINT('',(0.07,-0.00362248003054349,0.0277141889324218));
#4227=CARTESIAN_POINT('',(0.07,-0.00414101160185974,0.0277141889324218));
#4228=CARTESIAN_POINT('',(0.07,-0.00465954317317598,0.0277141889324218));
#4229=CARTESIAN_POINT('',(0.07,-0.00465954317317598,0.0249785958137272));
#4230=CARTESIAN_POINT('',(0.07,-0.00465954317317598,0.0222430026950327));
#4231=CARTESIAN_POINT('',(0.085475,-0.00462615683458017,0.0208762494587665));
#4232=CARTESIAN_POINT('',(0.095,-0.00462615683458017,0.0208762494587665));
#4233=CARTESIAN_POINT('',(0.085475,-0.004656760978293,0.02151337208697));
#4234=CARTESIAN_POINT('',(0.095,-0.004656760978293,0.02151337208697));
#4235=CARTESIAN_POINT('',(0.085475,-0.00466788975782494,0.0219689564990587));
#4236=CARTESIAN_POINT('',(0.095,-0.00466788975782494,0.0219689564990587));
#4237=CARTESIAN_POINT('',(0.085475,-0.00465954317317598,0.0222430026950327));
#4238=CARTESIAN_POINT('',(0.095,-0.00465954317317598,0.0222430026950327));
#4239=CARTESIAN_POINT('',(0.07,-0.00462615683458017,0.0208762494587665));
#4240=CARTESIAN_POINT('',(0.07,0.0971287956440826,0.0254956742895258));
#4241=CARTESIAN_POINT('',(0.085475,-0.00456823034497282,0.0197452872388333));
#4242=CARTESIAN_POINT('',(0.07,-0.00459381381906547,0.0197452872388333));
#4243=CARTESIAN_POINT('',(0.07,-0.00461989689609346,0.0197452872388333));
#4244=CARTESIAN_POINT('',(0.07,-0.0072188146911614,0.0237297380856276));
#4245=CARTESIAN_POINT('',(0.07,-0.00981773248622935,0.0277141889324218));
#4246=CARTESIAN_POINT('',(0.07,-0.0104437263349009,0.0277141889324218));
#4247=CARTESIAN_POINT('',(0.07,-0.0110697201835724,0.0277141889324218));
#4248=CARTESIAN_POINT('',(0.07,-0.0110697201835724,0.0229472457747882));
#4249=CARTESIAN_POINT('',(0.07,-0.0110697201835724,0.0181803026171545));
#4250=CARTESIAN_POINT('',(0.07,-0.0105574485507429,0.0181803026171545));
#4251=CARTESIAN_POINT('',(0.07,-0.0100451769179133,0.0181803026171545));
#4252=CARTESIAN_POINT('',(0.07,-0.0100451769179133,0.0208898126588211));
#4253=CARTESIAN_POINT('',(0.07,-0.0100451769179133,0.0235993227004877));
#4254=CARTESIAN_POINT('',(0.0700000000000024,-0.0453361173066948,0.0234451837584038));
#4255=CARTESIAN_POINT('',(0.085475,-0.0101502298871145,0.0261805040031766));
#4256=CARTESIAN_POINT('',(0.07,-0.0101234261489973,0.0261805040031766));
#4257=CARTESIAN_POINT('',(0.07,-0.0100973430719693,0.0261805040031766));
#4258=CARTESIAN_POINT('',(0.07,-0.00749216533841464,0.0221804033101655));
#4259=CARTESIAN_POINT('',(0.085475,0.0043777213554786,0.0207176643504364));
#4260=CARTESIAN_POINT('',(0.095,0.0043777213554786,0.0207176643504364));
#4261=CARTESIAN_POINT('',(0.085475,0.0043777213554786,0.0198788325932166));
#4262=CARTESIAN_POINT('',(0.095,0.0043777213554786,0.0198788325932166));
#4263=CARTESIAN_POINT('',(0.085475,0.00407341879015216,0.0192243212469944));
#4264=CARTESIAN_POINT('',(0.095,0.00407341879015216,0.0192243212469944));
#4265=CARTESIAN_POINT('',(0.085475,0.00346481365949929,0.01875413031177));
#4266=CARTESIAN_POINT('',(0.095,0.00346481365949929,0.01875413031177));
#4267=CARTESIAN_POINT('',(0.07,0.00346481365949929,0.01875413031177));
#4268=CARTESIAN_POINT('',(0.07,0.0043777213554786,0.0207176643504364));
#4269=CARTESIAN_POINT('',(0.085475,0.00381432689167423,0.0223076887260621));
#4270=CARTESIAN_POINT('',(0.095,0.00381432689167423,0.0223076887260621));
#4271=CARTESIAN_POINT('',(0.085475,0.00418992320087714,0.0218987060782634));
#4272=CARTESIAN_POINT('',(0.095,0.00418992320087714,0.0218987060782634));
#4273=CARTESIAN_POINT('',(0.085475,0.0043777213554786,0.0213686979530548));
#4274=CARTESIAN_POINT('',(0.095,0.0043777213554786,0.0213686979530548));
#4275=CARTESIAN_POINT('',(0.085475,0.0043777213554786,0.0207176643504364));
#4276=CARTESIAN_POINT('',(0.095,0.0043777213554786,0.0207176643504364));
#4277=CARTESIAN_POINT('',(0.07,0.00381432689167423,0.0223076887260621));
#4278=CARTESIAN_POINT('',(0.085475,0.00175063383722044,0.0234553441152932));
#4279=CARTESIAN_POINT('',(0.095,0.00175063383722044,0.0234553441152932));
#4280=CARTESIAN_POINT('',(0.085475,0.00275083289765338,0.0230992231702712));
#4281=CARTESIAN_POINT('',(0.095,0.00275083289765338,0.0230992231702712));
#4282=CARTESIAN_POINT('',(0.085475,0.00343873058247131,0.0227166713738608));
#4283=CARTESIAN_POINT('',(0.095,0.00343873058247131,0.0227166713738608));
#4284=CARTESIAN_POINT('',(0.085475,0.00381432689167423,0.0223076887260621));
#4285=CARTESIAN_POINT('',(0.095,0.00381432689167423,0.0223076887260621));
#4286=CARTESIAN_POINT('',(0.07,0.00175063383722044,0.0234553441152932));
#4287=CARTESIAN_POINT('',(0.085475,0.000423526878036793,0.0240385617176388));
#4288=CARTESIAN_POINT('',(0.095,0.000423526878036791,0.0240385617176388));
#4289=CARTESIAN_POINT('',(0.085475,0.000712875145867193,0.0238625878912901));
#4290=CARTESIAN_POINT('',(0.095,0.000712875145867192,0.0238625878912901));
#4291=CARTESIAN_POINT('',(0.085475,0.00115524413226174,0.0236681820238415));
#4292=CARTESIAN_POINT('',(0.095,0.00115524413226174,0.0236681820238415));
#4293=CARTESIAN_POINT('',(0.085475,0.00175063383722044,0.0234553441152932));
#4294=CARTESIAN_POINT('',(0.095,0.00175063383722044,0.0234553441152932));
#4295=CARTESIAN_POINT('',(0.07,0.000423526878036795,0.0240385617176388));
#4296=CARTESIAN_POINT('',(0.085475,-0.00019307706290465,0.0246196926738223));
#4297=CARTESIAN_POINT('',(0.095,-0.000193077062904652,0.0246196926738223));
#4298=CARTESIAN_POINT('',(0.085475,-7.13560367740799E-5,0.0244082458627154));
#4299=CARTESIAN_POINT('',(0.095,-7.13560367740811E-5,0.0244082458627154));
#4300=CARTESIAN_POINT('',(0.085475,0.000134178610206401,0.0242145355439876));
#4301=CARTESIAN_POINT('',(0.095,0.0001341786102064,0.0242145355439876));
#4302=CARTESIAN_POINT('',(0.085475,0.000423526878036793,0.0240385617176388));
#4303=CARTESIAN_POINT('',(0.095,0.000423526878036791,0.0240385617176388));
#4304=CARTESIAN_POINT('',(0.07,-0.000193077062904648,0.0246196926738223));
#4305=CARTESIAN_POINT('',(0.085475,-0.00037565860210052,0.025431398030933));
#4306=CARTESIAN_POINT('',(0.095,-0.000375658602100521,0.025431398030933));
#4307=CARTESIAN_POINT('',(0.085475,-0.00037565860210052,0.0251017079372993));
#4308=CARTESIAN_POINT('',(0.095,-0.000375658602100521,0.0251017079372993));
#4309=CARTESIAN_POINT('',(0.085475,-0.00031479808903523,0.0248311394849291));
#4310=CARTESIAN_POINT('',(0.095,-0.000314798089035231,0.0248311394849291));
#4311=CARTESIAN_POINT('',(0.085475,-0.00019307706290465,0.0246196926738223));
#4312=CARTESIAN_POINT('',(0.095,-0.000193077062904652,0.0246196926738223));
#4313=CARTESIAN_POINT('',(0.07,-0.000375658602100518,0.025431398030933));
#4314=CARTESIAN_POINT('',(0.085475,0.000119919861431106,0.0264809810505389));
#4315=CARTESIAN_POINT('',(0.095,0.000119919861431105,0.0264809810505389));
#4316=CARTESIAN_POINT('',(0.085475,-0.000210465780923311,0.0262291924136288));
#4317=CARTESIAN_POINT('',(0.095,-0.000210465780923312,0.0262291924136288));
#4318=CARTESIAN_POINT('',(0.085475,-0.00037565860210052,0.0258793314070935));
#4319=CARTESIAN_POINT('',(0.095,-0.000375658602100521,0.0258793314070935));
#4320=CARTESIAN_POINT('',(0.085475,-0.00037565860210052,0.025431398030933));
#4321=CARTESIAN_POINT('',(0.095,-0.000375658602100521,0.025431398030933));
#4322=CARTESIAN_POINT('',(0.07,0.000119919861431108,0.0264809810505389));
#4323=CARTESIAN_POINT('',(0.085475,0.00149606300542735,0.0268586640059041));
#4324=CARTESIAN_POINT('',(0.095,0.00149606300542735,0.0268586640059041));
#4325=CARTESIAN_POINT('',(0.085475,0.000909019885117605,0.026858664005904));
#4326=CARTESIAN_POINT('',(0.095,0.000909019885117603,0.026858664005904));
#4327=CARTESIAN_POINT('',(0.085475,0.000450305503785524,0.026732769687449));
#4328=CARTESIAN_POINT('',(0.095,0.000450305503785523,0.026732769687449));
#4329=CARTESIAN_POINT('',(0.085475,0.000119919861431106,0.0264809810505389));
#4330=CARTESIAN_POINT('',(0.095,0.000119919861431105,0.0264809810505389));
#4331=CARTESIAN_POINT('',(0.07,0.00149606300542735,0.0268586640059041));
#4332=CARTESIAN_POINT('',(0.085475,0.00379137378388961,0.0263641288654535));
#4333=CARTESIAN_POINT('',(0.095,0.00379137378388961,0.0263641288654535));
#4334=CARTESIAN_POINT('',(0.085475,0.00300401263200498,0.0266938189590872));
#4335=CARTESIAN_POINT('',(0.095,0.00300401263200498,0.0266938189590872));
#4336=CARTESIAN_POINT('',(0.085475,0.00223890903918422,0.026858664005904));
#4337=CARTESIAN_POINT('',(0.095,0.00223890903918422,0.026858664005904));
#4338=CARTESIAN_POINT('',(0.085475,0.00149606300542735,0.0268586640059041));
#4339=CARTESIAN_POINT('',(0.095,0.00149606300542735,0.0268586640059041));
#4340=CARTESIAN_POINT('',(0.07,0.00379137378388961,0.0263641288654535));
#4341=CARTESIAN_POINT('',(0.07,0.0039645654153554,0.0268461441289306));
#4342=CARTESIAN_POINT('',(0.07,0.00413775704682119,0.0273281593924077));
#4343=CARTESIAN_POINT('',(0.085475,0.00152318940553645,0.0278498209329673));
#4344=CARTESIAN_POINT('',(0.095,0.00152318940553645,0.0278498209329673));
#4345=CARTESIAN_POINT('',(0.085475,0.00247052676319269,0.0278498209329673));
#4346=CARTESIAN_POINT('',(0.095,0.00247052676319269,0.0278498209329673));
#4347=CARTESIAN_POINT('',(0.085475,0.0033420493102876,0.0276759337527808));
#4348=CARTESIAN_POINT('',(0.095,0.0033420493102876,0.0276759337527808));
#4349=CARTESIAN_POINT('',(0.085475,0.00413775704682118,0.0273281593924077));
#4350=CARTESIAN_POINT('',(0.095,0.00413775704682118,0.0273281593924077));
#4351=CARTESIAN_POINT('',(0.07,0.00152318940553645,0.0278498209329673));
#4352=CARTESIAN_POINT('',(0.085475,-0.000668832387895013,0.0271977440072678));
#4353=CARTESIAN_POINT('',(0.095,-0.000668832387895014,0.0271977440072678));
#4354=CARTESIAN_POINT('',(0.085475,-0.000117262252343321,0.0276324619577341));
#4355=CARTESIAN_POINT('',(0.095,-0.000117262252343323,0.0276324619577341));
#4356=CARTESIAN_POINT('',(0.085475,0.000613411678800499,0.0278498209329673));
#4357=CARTESIAN_POINT('',(0.095,0.000613411678800498,0.0278498209329673));
#4358=CARTESIAN_POINT('',(0.085475,0.00152318940553645,0.0278498209329673));
#4359=CARTESIAN_POINT('',(0.095,0.00152318940553645,0.0278498209329673));
#4360=CARTESIAN_POINT('',(0.07,-0.000668832387895011,0.0271977440072678));
#4361=CARTESIAN_POINT('',(0.085475,-0.00149618759122255,0.0254439179079064));
#4362=CARTESIAN_POINT('',(0.095,-0.00149618759122255,0.0254439179079064));
#4363=CARTESIAN_POINT('',(0.085475,-0.00149618759122255,0.0261784173570143));
#4364=CARTESIAN_POINT('',(0.095,-0.00149618759122255,0.0261784173570143));
#4365=CARTESIAN_POINT('',(0.085475,-0.0012204025234467,0.0267630260568015));
#4366=CARTESIAN_POINT('',(0.095,-0.00122040252344671,0.0267630260568015));
#4367=CARTESIAN_POINT('',(0.085475,-0.000668832387895013,0.0271977440072678));
#4368=CARTESIAN_POINT('',(0.095,-0.000668832387895014,0.0271977440072678));
#4369=CARTESIAN_POINT('',(0.07,-0.00149618759122255,0.0254439179079064));
#4370=CARTESIAN_POINT('',(0.085475,-0.000925489865850334,0.023742257962601));
#4371=CARTESIAN_POINT('',(0.095,-0.000925489865850335,0.023742257962601));
#4372=CARTESIAN_POINT('',(0.085475,-0.00130595501609848,0.0241769759130673));
#4373=CARTESIAN_POINT('',(0.095,-0.00130595501609848,0.0241769759130673));
#4374=CARTESIAN_POINT('',(0.085475,-0.00149618759122255,0.0247441958948358));
#4375=CARTESIAN_POINT('',(0.095,-0.00149618759122255,0.0247441958948358));
#4376=CARTESIAN_POINT('',(0.085475,-0.00149618759122255,0.0254439179079064));
#4377=CARTESIAN_POINT('',(0.095,-0.00149618759122255,0.0254439179079064));
#4378=CARTESIAN_POINT('',(0.07,-0.000925489865850332,0.023742257962601));
#4379=CARTESIAN_POINT('',(0.085475,0.000974401464867744,0.0226144257119111));
#4380=CARTESIAN_POINT('',(0.095,0.000974401464867743,0.0226144257119111));
#4381=CARTESIAN_POINT('',(0.085475,8.82723946371598E-5,0.0229315959285714));
#4382=CARTESIAN_POINT('',(0.095,8.82723946371586E-5,0.0229315959285714));
#4383=CARTESIAN_POINT('',(0.085475,-0.0005450247156022,0.0233075400121347));
#4384=CARTESIAN_POINT('',(0.095,-0.000545024715602201,0.0233075400121347));
#4385=CARTESIAN_POINT('',(0.085475,-0.000925489865850334,0.023742257962601));
#4386=CARTESIAN_POINT('',(0.095,-0.000925489865850335,0.023742257962601));
#4387=CARTESIAN_POINT('',(0.07,0.000974401464867746,0.0226144257119111));
#4388=CARTESIAN_POINT('',(0.085475,0.00239227753210875,0.0220082550017809));
#4389=CARTESIAN_POINT('',(0.095,0.00239227753210875,0.0220082550017809));
#4390=CARTESIAN_POINT('',(0.085475,0.00208136725393522,0.0221870110230126));
#4391=CARTESIAN_POINT('',(0.095,0.00208136725393522,0.0221870110230126));
#4392=CARTESIAN_POINT('',(0.085475,0.00160874189818822,0.0223890679263894));
#4393=CARTESIAN_POINT('',(0.095,0.00160874189818822,0.0223890679263894));
#4394=CARTESIAN_POINT('',(0.085475,0.000974401464867744,0.0226144257119111));
#4395=CARTESIAN_POINT('',(0.095,0.000974401464867743,0.0226144257119111));
#4396=CARTESIAN_POINT('',(0.07,0.00239227753210875,0.0220082550017809));
#4397=CARTESIAN_POINT('',(0.085475,0.0030579176578628,0.0214239940763541));
#4398=CARTESIAN_POINT('',(0.095,0.0030579176578628,0.0214239940763541));
#4399=CARTESIAN_POINT('',(0.085475,0.00292506785220028,0.0216347453387402));
#4400=CARTESIAN_POINT('',(0.095,0.00292506785220028,0.0216347453387402));
#4401=CARTESIAN_POINT('',(0.085475,0.00270318781028227,0.0218294989805491));
#4402=CARTESIAN_POINT('',(0.095,0.00270318781028226,0.0218294989805491));
#4403=CARTESIAN_POINT('',(0.085475,0.00239227753210875,0.0220082550017809));
#4404=CARTESIAN_POINT('',(0.095,0.00239227753210875,0.0220082550017809));
#4405=CARTESIAN_POINT('',(0.07,0.0030579176578628,0.0214239940763541));
#4406=CARTESIAN_POINT('',(0.085475,0.00325719236635656,0.0206133320423245));
#4407=CARTESIAN_POINT('',(0.095,0.00325719236635656,0.0206133320423245));
#4408=CARTESIAN_POINT('',(0.085475,0.00325719236635656,0.0209430221359582));
#4409=CARTESIAN_POINT('',(0.095,0.00325719236635656,0.0209430221359582));
#4410=CARTESIAN_POINT('',(0.085475,0.00319076746352531,0.021213242813968));
#4411=CARTESIAN_POINT('',(0.095,0.00319076746352531,0.021213242813968));
#4412=CARTESIAN_POINT('',(0.085475,0.0030579176578628,0.0214239940763541));
#4413=CARTESIAN_POINT('',(0.095,0.0030579176578628,0.0214239940763541));
#4414=CARTESIAN_POINT('',(0.07,0.00325719236635657,0.0206133320423245));
#4415=CARTESIAN_POINT('',(0.085475,0.00269588454871443,0.0194416802222276));
#4416=CARTESIAN_POINT('',(0.095,0.00269588454871443,0.0194416802222276));
#4417=CARTESIAN_POINT('',(0.085475,0.00307008976047585,0.0197219863566883));
#4418=CARTESIAN_POINT('',(0.095,0.00307008976047585,0.0197219863566883));
#4419=CARTESIAN_POINT('',(0.085475,0.00325719236635656,0.0201125369633873));
#4420=CARTESIAN_POINT('',(0.095,0.00325719236635656,0.0201125369633873));
#4421=CARTESIAN_POINT('',(0.085475,0.00325719236635656,0.0206133320423245));
#4422=CARTESIAN_POINT('',(0.095,0.00325719236635656,0.0206133320423245));
#4423=CARTESIAN_POINT('',(0.07,0.00269588454871443,0.0194416802222276));
#4424=CARTESIAN_POINT('',(0.085475,0.0010265676189237,0.0190212210205365));
#4425=CARTESIAN_POINT('',(0.095,0.0010265676189237,0.0190212210205365));
#4426=CARTESIAN_POINT('',(0.085475,0.0017652403603561,0.0190212210205365));
#4427=CARTESIAN_POINT('',(0.095,0.0017652403603561,0.0190212210205365));
#4428=CARTESIAN_POINT('',(0.085475,0.00232167933695301,0.0191613740877669));
#4429=CARTESIAN_POINT('',(0.095,0.00232167933695301,0.0191613740877669));
#4430=CARTESIAN_POINT('',(0.085475,0.00269588454871443,0.0194416802222276));
#4431=CARTESIAN_POINT('',(0.095,0.00269588454871443,0.0194416802222276));
#4432=CARTESIAN_POINT('',(0.07,0.0010265676189237,0.0190212210205365));
#4433=CARTESIAN_POINT('',(0.0700000000000004,0.00104093014997582,0.0257144125529342));
#4434=CARTESIAN_POINT('',(0.07,-0.000342272263504703,0.019165199605731));
#4435=CARTESIAN_POINT('',(0.0700000000000004,0.00105295684692111,0.02605023212984));
#4436=CARTESIAN_POINT('',(0.085475,-0.00162138636095685,0.0195548100361907));
#4437=CARTESIAN_POINT('',(0.07,-0.00162138636095684,0.0190212210205365));
#4438=CARTESIAN_POINT('',(0.07,-0.00162138636095684,0.0184870396030036));
#4439=CARTESIAN_POINT('',(0.085475,0.000986921341841171,0.0180488439089335));
#4440=CARTESIAN_POINT('',(0.095,0.00098692134184117,0.0180488439089335));
#4441=CARTESIAN_POINT('',(0.085475,-0.000142649780650563,0.0180488439089335));
#4442=CARTESIAN_POINT('',(0.095,-0.000142649780650565,0.0180488439089335));
#4443=CARTESIAN_POINT('',(0.085475,-0.00101208568158324,0.0181949091402902));
#4444=CARTESIAN_POINT('',(0.095,-0.00101208568158324,0.0181949091402902));
#4445=CARTESIAN_POINT('',(0.085475,-0.00162138636095685,0.0184870396030036));
#4446=CARTESIAN_POINT('',(0.095,-0.00162138636095685,0.0184870396030036));
#4447=CARTESIAN_POINT('',(0.07,0.000986921341841173,0.0180488439089335));
#4448=CARTESIAN_POINT('',(0.085475,0.00346481365949929,0.01875413031177));
#4449=CARTESIAN_POINT('',(0.095,0.00346481365949929,0.01875413031177));
#4450=CARTESIAN_POINT('',(0.085475,0.00285620852884642,0.0182839393765457));
#4451=CARTESIAN_POINT('',(0.095,0.00285620852884642,0.0182839393765457));
#4452=CARTESIAN_POINT('',(0.085475,0.00203024442296038,0.0180488439089335));
#4453=CARTESIAN_POINT('',(0.095,0.00203024442296038,0.0180488439089335));
#4454=CARTESIAN_POINT('',(0.085475,0.000986921341841171,0.0180488439089335));
#4455=CARTESIAN_POINT('',(0.095,0.00098692134184117,0.0180488439089335));
#4456=CARTESIAN_POINT('',(0.07,-0.0467065066653612,0.0196962510540207));
#4457=CARTESIAN_POINT('',(0.07,-0.0473001574985181,0.0212121994908869));
#4458=CARTESIAN_POINT('',(0.07,-0.0461128558322044,0.0181803026171545));
#4459=CARTESIAN_POINT('',(0.07,-0.0455390281375888,0.0181803026171545));
#4460=CARTESIAN_POINT('',(0.07,-0.0449652004429733,0.0181803026171545));
#4461=CARTESIAN_POINT('',(0.07,-0.0468400520197445,0.0229670689133294));
#4462=CARTESIAN_POINT('',(0.07,-0.0487149035965157,0.0277538352095043));
#4463=CARTESIAN_POINT('',(0.07,-0.049181269013776,0.0277538352095043));
#4464=CARTESIAN_POINT('',(0.07,-0.0496476344310363,0.0277538352095043));
#4465=CARTESIAN_POINT('',(0.07,-0.0515318759155376,0.0229670689133294));
#4466=CARTESIAN_POINT('',(0.07,-0.0534161174000389,0.0181803026171545));
#4467=CARTESIAN_POINT('',(0.07,-0.0528548095823967,0.0181803026171545));
#4468=CARTESIAN_POINT('',(0.07,-0.0522935017647546,0.0181803026171545));
#4469=CARTESIAN_POINT('',(0.07,-0.0517071541931656,0.0196962510540207));
#4470=CARTESIAN_POINT('',(0.07,-0.0511208066215766,0.0212121994908869));
#4471=CARTESIAN_POINT('',(0.07,-0.0492104820600473,0.0212121994908869));
#4472=CARTESIAN_POINT('',(0.07,-0.026197904859801,0.0229472457747882));
#4473=CARTESIAN_POINT('',(0.07,-0.026197904859801,0.0277141889324218));
#4474=CARTESIAN_POINT('',(0.07,-0.026197904859801,0.0181803026171545));
#4475=CARTESIAN_POINT('',(0.07,-0.0256439003037267,0.0181803026171545));
#4476=CARTESIAN_POINT('',(0.07,-0.0250898957476524,0.0181803026171545));
#4477=CARTESIAN_POINT('',(0.07,-0.0250898957476524,0.0229472457747882));
#4478=CARTESIAN_POINT('',(0.07,-0.0250898957476524,0.0277141889324218));
#4479=CARTESIAN_POINT('',(0.07,-0.0256439003037267,0.0277141889324218));
#4480=CARTESIAN_POINT('',(0.07,-0.0312068989722542,0.0181803026171545));
#4481=CARTESIAN_POINT('',(0.07,-0.0317609035283285,0.0181803026171545));
#4482=CARTESIAN_POINT('',(0.07,-0.0306528944161799,0.0181803026171545));
#4483=CARTESIAN_POINT('',(0.07,-0.0306528944161799,0.0224547972804999));
#4484=CARTESIAN_POINT('',(0.07,-0.0306528944161799,0.0267292919438453));
#4485=CARTESIAN_POINT('',(0.07,-0.0291432059178004,0.0267292919438453));
#4486=CARTESIAN_POINT('',(0.07,-0.027633517419421,0.0267292919438453));
#4487=CARTESIAN_POINT('',(0.07,-0.027633517419421,0.0272217404381335));
#4488=CARTESIAN_POINT('',(0.07,-0.027633517419421,0.0277141889324218));
#4489=CARTESIAN_POINT('',(0.07,-0.0312068989722542,0.0277141889324218));
#4490=CARTESIAN_POINT('',(0.07,-0.0347802805250876,0.0277141889324218));
#4491=CARTESIAN_POINT('',(0.07,-0.0347802805250876,0.0272217404381335));
#4492=CARTESIAN_POINT('',(0.07,-0.0347802805250876,0.0267292919438453));
#4493=CARTESIAN_POINT('',(0.07,-0.0332705920267081,0.0267292919438453));
#4494=CARTESIAN_POINT('',(0.07,-0.0317609035283285,0.0267292919438453));
#4495=CARTESIAN_POINT('',(0.07,-0.0317609035283285,0.0224547972804999));
#4496=CARTESIAN_POINT('',(0.07,-0.0368398002872169,0.0181803026171545));
#4497=CARTESIAN_POINT('',(0.07,-0.0374720540743751,0.0181803026171545));
#4498=CARTESIAN_POINT('',(0.07,-0.0362075465000586,0.0181803026171545));
#4499=CARTESIAN_POINT('',(0.07,-0.0362075465000586,0.0229472457747882));
#4500=CARTESIAN_POINT('',(0.07,-0.0362075465000586,0.0277141889324218));
#4501=CARTESIAN_POINT('',(0.07,-0.0367260780713749,0.0277141889324218));
#4502=CARTESIAN_POINT('',(0.07,-0.0372446096426911,0.0277141889324218));
#4503=CARTESIAN_POINT('',(0.07,-0.0372446096426911,0.0249785958137272));
#4504=CARTESIAN_POINT('',(0.07,-0.0372446096426911,0.0222430026950327));
#4505=CARTESIAN_POINT('',(0.085475,-0.0372112233040953,0.0208762494587665));
#4506=CARTESIAN_POINT('',(0.095,-0.0372112233040953,0.0208762494587665));
#4507=CARTESIAN_POINT('',(0.085475,-0.0372418274478081,0.02151337208697));
#4508=CARTESIAN_POINT('',(0.095,-0.0372418274478081,0.02151337208697));
#4509=CARTESIAN_POINT('',(0.085475,-0.0372529562273401,0.0219689564990587));
#4510=CARTESIAN_POINT('',(0.095,-0.0372529562273401,0.0219689564990587));
#4511=CARTESIAN_POINT('',(0.085475,-0.0372446096426911,0.0222430026950327));
#4512=CARTESIAN_POINT('',(0.095,-0.0372446096426911,0.0222430026950327));
#4513=CARTESIAN_POINT('',(0.07,-0.0372112233040953,0.0208762494587665));
#4514=CARTESIAN_POINT('',(0.07,0.0645437291753744,0.0254956742895658));
#4515=CARTESIAN_POINT('',(0.085475,-0.037153296814488,0.0197452872388333));
#4516=CARTESIAN_POINT('',(0.07,-0.0371788802885806,0.0197452872388333));
#4517=CARTESIAN_POINT('',(0.07,-0.0372049633656086,0.0197452872388333));
#4518=CARTESIAN_POINT('',(0.07,-0.0398038811606765,0.0237297380856276));
#4519=CARTESIAN_POINT('',(0.07,-0.0424027989557445,0.0277141889324218));
#4520=CARTESIAN_POINT('',(0.07,-0.043028792804416,0.0277141889324218));
#4521=CARTESIAN_POINT('',(0.07,-0.0436547866530876,0.0277141889324218));
#4522=CARTESIAN_POINT('',(0.07,-0.0436547866530876,0.0229472457747882));
#4523=CARTESIAN_POINT('',(0.07,-0.0436547866530876,0.0181803026171545));
#4524=CARTESIAN_POINT('',(0.07,-0.043142515020258,0.0181803026171545));
#4525=CARTESIAN_POINT('',(0.07,-0.0426302433874285,0.0181803026171545));
#4526=CARTESIAN_POINT('',(0.07,-0.0426302433874285,0.0208898126588211));
#4527=CARTESIAN_POINT('',(0.07,-0.0426302433874285,0.0235993227004877));
#4528=CARTESIAN_POINT('',(0.0700000000000024,-0.0779211837761985,0.0234451837584039));
#4529=CARTESIAN_POINT('',(0.085475,-0.0427352963566297,0.0261805040031766));
#4530=CARTESIAN_POINT('',(0.07,-0.0427084926185124,0.0261805040031766));
#4531=CARTESIAN_POINT('',(0.07,-0.0426824095414844,0.0261805040031766));
#4532=CARTESIAN_POINT('',(0.07,-0.0400772318079297,0.0221804033101655));
#4533=CARTESIAN_POINT('',(0.07,-0.0552742758075122,0.0181803026171545));
#4534=CARTESIAN_POINT('',(0.07,-0.0558282803635865,0.0181803026171545));
#4535=CARTESIAN_POINT('',(0.07,-0.0547202712514379,0.0181803026171545));
#4536=CARTESIAN_POINT('',(0.07,-0.0547202712514379,0.0229472457747882));
#4537=CARTESIAN_POINT('',(0.07,-0.0547202712514379,0.0277141889324218));
#4538=CARTESIAN_POINT('',(0.07,-0.0552742758075122,0.0277141889324218));
#4539=CARTESIAN_POINT('',(0.07,-0.0558282803635865,0.0277141889324218));
#4540=CARTESIAN_POINT('',(0.07,-0.0558282803635865,0.0256859688627261));
#4541=CARTESIAN_POINT('',(0.07,-0.0558282803635865,0.0236577487930304));
#4542=CARTESIAN_POINT('',(0.07,-0.0583395590198404,0.0236577487930304));
#4543=CARTESIAN_POINT('',(0.07,-0.0608508376760943,0.0236577487930304));
#4544=CARTESIAN_POINT('',(0.07,-0.0608508376760943,0.0256859688627261));
#4545=CARTESIAN_POINT('',(0.07,-0.0608508376760943,0.0277141889324218));
#4546=CARTESIAN_POINT('',(0.07,-0.0614048422321686,0.0277141889324218));
#4547=CARTESIAN_POINT('',(0.07,-0.0619588467882429,0.0277141889324218));
#4548=CARTESIAN_POINT('',(0.07,-0.0619588467882429,0.0229472457747882));
#4549=CARTESIAN_POINT('',(0.07,-0.0619588467882429,0.0181803026171545));
#4550=CARTESIAN_POINT('',(0.07,-0.0614048422321686,0.0181803026171545));
#4551=CARTESIAN_POINT('',(0.07,-0.0608508376760943,0.0181803026171545));
#4552=CARTESIAN_POINT('',(0.07,-0.0608508376760943,0.0204234472415608));
#4553=CARTESIAN_POINT('',(0.07,-0.0608508376760943,0.0226665918659671));
#4554=CARTESIAN_POINT('',(0.07,-0.0583395590198404,0.0226665918659671));
#4555=CARTESIAN_POINT('',(0.07,-0.0558282803635865,0.0226665918659671));
#4556=CARTESIAN_POINT('',(0.07,-0.0558282803635865,0.0204234472415608));
#4557=CARTESIAN_POINT('',(0.07,-0.0141214401958461,0.0196962510540207));
#4558=CARTESIAN_POINT('',(0.07,-0.0147150910290029,0.0212121994908869));
#4559=CARTESIAN_POINT('',(0.07,-0.0135277893626893,0.0181803026171545));
#4560=CARTESIAN_POINT('',(0.07,-0.0129539616680737,0.0181803026171545));
#4561=CARTESIAN_POINT('',(0.07,-0.0123801339734581,0.0181803026171545));
#4562=CARTESIAN_POINT('',(0.07,-0.0142549855502293,0.0229670689133294));
#4563=CARTESIAN_POINT('',(0.07,-0.0161298371270006,0.0277538352095043));
#4564=CARTESIAN_POINT('',(0.07,-0.0165962025442608,0.0277538352095043));
#4565=CARTESIAN_POINT('',(0.07,-0.0170625679615212,0.0277538352095043));
#4566=CARTESIAN_POINT('',(0.07,-0.0189468094460225,0.0229670689133294));
#4567=CARTESIAN_POINT('',(0.07,-0.0208310509305237,0.0181803026171545));
#4568=CARTESIAN_POINT('',(0.07,-0.0202697431128816,0.0181803026171545));
#4569=CARTESIAN_POINT('',(0.07,-0.0197084352952395,0.0181803026171545));
#4570=CARTESIAN_POINT('',(0.07,-0.0191220877236505,0.0196962510540207));
#4571=CARTESIAN_POINT('',(0.07,-0.0185357401520615,0.0212121994908869));
#4572=CARTESIAN_POINT('',(0.07,-0.0166254155905322,0.0212121994908869));
#4573=CARTESIAN_POINT('',(0.085475,-0.0639098609499359,0.0207176643504364));
#4574=CARTESIAN_POINT('',(0.095,-0.0639098609499359,0.0207176643504364));
#4575=CARTESIAN_POINT('',(0.085475,-0.0639098609499359,0.0198788325932166));
#4576=CARTESIAN_POINT('',(0.095,-0.0639098609499359,0.0198788325932166));
#4577=CARTESIAN_POINT('',(0.085475,-0.0642141635152623,0.0192243212469944));
#4578=CARTESIAN_POINT('',(0.095,-0.0642141635152623,0.0192243212469944));
#4579=CARTESIAN_POINT('',(0.085475,-0.0648227686459152,0.01875413031177));
#4580=CARTESIAN_POINT('',(0.095,-0.0648227686459152,0.01875413031177));
#4581=CARTESIAN_POINT('',(0.07,-0.0648227686459152,0.01875413031177));
#4582=CARTESIAN_POINT('',(0.07,-0.0639098609499359,0.0207176643504364));
#4583=CARTESIAN_POINT('',(0.085475,-0.0644732554137402,0.0223076887260621));
#4584=CARTESIAN_POINT('',(0.095,-0.0644732554137402,0.0223076887260621));
#4585=CARTESIAN_POINT('',(0.085475,-0.0640976591045373,0.0218987060782634));
#4586=CARTESIAN_POINT('',(0.095,-0.0640976591045373,0.0218987060782634));
#4587=CARTESIAN_POINT('',(0.085475,-0.0639098609499359,0.0213686979530548));
#4588=CARTESIAN_POINT('',(0.095,-0.0639098609499359,0.0213686979530548));
#4589=CARTESIAN_POINT('',(0.085475,-0.0639098609499359,0.0207176643504364));
#4590=CARTESIAN_POINT('',(0.095,-0.0639098609499359,0.0207176643504364));
#4591=CARTESIAN_POINT('',(0.07,-0.0644732554137402,0.0223076887260621));
#4592=CARTESIAN_POINT('',(0.085475,-0.066536948468194,0.0234553441152932));
#4593=CARTESIAN_POINT('',(0.095,-0.066536948468194,0.0234553441152932));
#4594=CARTESIAN_POINT('',(0.085475,-0.0655367494077611,0.0230992231702712));
#4595=CARTESIAN_POINT('',(0.095,-0.0655367494077611,0.0230992231702712));
#4596=CARTESIAN_POINT('',(0.085475,-0.0648488517229431,0.0227166713738608));
#4597=CARTESIAN_POINT('',(0.095,-0.0648488517229431,0.0227166713738608));
#4598=CARTESIAN_POINT('',(0.085475,-0.0644732554137402,0.0223076887260621));
#4599=CARTESIAN_POINT('',(0.095,-0.0644732554137402,0.0223076887260621));
#4600=CARTESIAN_POINT('',(0.07,-0.066536948468194,0.0234553441152932));
#4601=CARTESIAN_POINT('',(0.085475,-0.0678640554273777,0.0240385617176388));
#4602=CARTESIAN_POINT('',(0.095,-0.0678640554273777,0.0240385617176388));
#4603=CARTESIAN_POINT('',(0.085475,-0.0675747071595473,0.0238625878912901));
#4604=CARTESIAN_POINT('',(0.095,-0.0675747071595473,0.0238625878912901));
#4605=CARTESIAN_POINT('',(0.085475,-0.0671323381731527,0.0236681820238415));
#4606=CARTESIAN_POINT('',(0.095,-0.0671323381731527,0.0236681820238415));
#4607=CARTESIAN_POINT('',(0.085475,-0.066536948468194,0.0234553441152932));
#4608=CARTESIAN_POINT('',(0.095,-0.066536948468194,0.0234553441152932));
#4609=CARTESIAN_POINT('',(0.07,-0.0678640554273777,0.0240385617176388));
#4610=CARTESIAN_POINT('',(0.085475,-0.0684806593683191,0.0246196926738223));
#4611=CARTESIAN_POINT('',(0.095,-0.0684806593683191,0.0246196926738223));
#4612=CARTESIAN_POINT('',(0.085475,-0.0683589383421885,0.0244082458627154));
#4613=CARTESIAN_POINT('',(0.095,-0.0683589383421885,0.0244082458627154));
#4614=CARTESIAN_POINT('',(0.085475,-0.068153403695208,0.0242145355439876));
#4615=CARTESIAN_POINT('',(0.095,-0.068153403695208,0.0242145355439876));
#4616=CARTESIAN_POINT('',(0.085475,-0.0678640554273777,0.0240385617176388));
#4617=CARTESIAN_POINT('',(0.095,-0.0678640554273777,0.0240385617176388));
#4618=CARTESIAN_POINT('',(0.07,-0.0684806593683191,0.0246196926738223));
#4619=CARTESIAN_POINT('',(0.085475,-0.068663240907515,0.025431398030933));
#4620=CARTESIAN_POINT('',(0.095,-0.068663240907515,0.025431398030933));
#4621=CARTESIAN_POINT('',(0.085475,-0.068663240907515,0.0251017079372993));
#4622=CARTESIAN_POINT('',(0.095,-0.068663240907515,0.0251017079372993));
#4623=CARTESIAN_POINT('',(0.085475,-0.0686023803944497,0.0248311394849291));
#4624=CARTESIAN_POINT('',(0.095,-0.0686023803944497,0.0248311394849291));
#4625=CARTESIAN_POINT('',(0.085475,-0.0684806593683191,0.0246196926738223));
#4626=CARTESIAN_POINT('',(0.095,-0.0684806593683191,0.0246196926738223));
#4627=CARTESIAN_POINT('',(0.07,-0.068663240907515,0.025431398030933));
#4628=CARTESIAN_POINT('',(0.085475,-0.0681676624439833,0.0264809810505389));
#4629=CARTESIAN_POINT('',(0.095,-0.0681676624439833,0.0264809810505389));
#4630=CARTESIAN_POINT('',(0.085475,-0.0684980480863378,0.0262291924136288));
#4631=CARTESIAN_POINT('',(0.095,-0.0684980480863378,0.0262291924136288));
#4632=CARTESIAN_POINT('',(0.085475,-0.068663240907515,0.0258793314070935));
#4633=CARTESIAN_POINT('',(0.095,-0.068663240907515,0.0258793314070935));
#4634=CARTESIAN_POINT('',(0.085475,-0.068663240907515,0.025431398030933));
#4635=CARTESIAN_POINT('',(0.095,-0.068663240907515,0.025431398030933));
#4636=CARTESIAN_POINT('',(0.07,-0.0681676624439833,0.0264809810505389));
#4637=CARTESIAN_POINT('',(0.085475,-0.0667915192999871,0.0268586640059041));
#4638=CARTESIAN_POINT('',(0.095,-0.0667915192999871,0.0268586640059041));
#4639=CARTESIAN_POINT('',(0.085475,-0.0673785624202968,0.026858664005904));
#4640=CARTESIAN_POINT('',(0.095,-0.0673785624202968,0.026858664005904));
#4641=CARTESIAN_POINT('',(0.085475,-0.0678372768016289,0.026732769687449));
#4642=CARTESIAN_POINT('',(0.095,-0.0678372768016289,0.026732769687449));
#4643=CARTESIAN_POINT('',(0.085475,-0.0681676624439833,0.0264809810505389));
#4644=CARTESIAN_POINT('',(0.095,-0.0681676624439833,0.0264809810505389));
#4645=CARTESIAN_POINT('',(0.07,-0.0667915192999871,0.0268586640059041));
#4646=CARTESIAN_POINT('',(0.085475,-0.0644962085215249,0.0263641288654535));
#4647=CARTESIAN_POINT('',(0.095,-0.0644962085215249,0.0263641288654535));
#4648=CARTESIAN_POINT('',(0.085475,-0.0652835696734095,0.0266938189590872));
#4649=CARTESIAN_POINT('',(0.095,-0.0652835696734095,0.0266938189590872));
#4650=CARTESIAN_POINT('',(0.085475,-0.0660486732662302,0.026858664005904));
#4651=CARTESIAN_POINT('',(0.095,-0.0660486732662302,0.026858664005904));
#4652=CARTESIAN_POINT('',(0.085475,-0.0667915192999871,0.0268586640059041));
#4653=CARTESIAN_POINT('',(0.095,-0.0667915192999871,0.0268586640059041));
#4654=CARTESIAN_POINT('',(0.07,-0.0644962085215249,0.0263641288654535));
#4655=CARTESIAN_POINT('',(0.07,-0.0643230168900591,0.0268461441289306));
#4656=CARTESIAN_POINT('',(0.07,-0.0641498252585933,0.0273281593924077));
#4657=CARTESIAN_POINT('',(0.085475,-0.066764392899878,0.0278498209329673));
#4658=CARTESIAN_POINT('',(0.095,-0.066764392899878,0.0278498209329673));
#4659=CARTESIAN_POINT('',(0.085475,-0.0658170555422217,0.0278498209329673));
#4660=CARTESIAN_POINT('',(0.095,-0.0658170555422217,0.0278498209329673));
#4661=CARTESIAN_POINT('',(0.085475,-0.0649455329951268,0.0276759337527808));
#4662=CARTESIAN_POINT('',(0.095,-0.0649455329951268,0.0276759337527808));
#4663=CARTESIAN_POINT('',(0.085475,-0.0641498252585933,0.0273281593924077));
#4664=CARTESIAN_POINT('',(0.095,-0.0641498252585933,0.0273281593924077));
#4665=CARTESIAN_POINT('',(0.07,-0.066764392899878,0.0278498209329673));
#4666=CARTESIAN_POINT('',(0.085475,-0.0689564146933095,0.0271977440072678));
#4667=CARTESIAN_POINT('',(0.095,-0.0689564146933095,0.0271977440072678));
#4668=CARTESIAN_POINT('',(0.085475,-0.0684048445577578,0.0276324619577341));
#4669=CARTESIAN_POINT('',(0.095,-0.0684048445577578,0.0276324619577341));
#4670=CARTESIAN_POINT('',(0.085475,-0.0676741706266139,0.0278498209329673));
#4671=CARTESIAN_POINT('',(0.095,-0.0676741706266139,0.0278498209329673));
#4672=CARTESIAN_POINT('',(0.085475,-0.066764392899878,0.0278498209329673));
#4673=CARTESIAN_POINT('',(0.095,-0.066764392899878,0.0278498209329673));
#4674=CARTESIAN_POINT('',(0.07,-0.0689564146933095,0.0271977440072678));
#4675=CARTESIAN_POINT('',(0.085475,-0.069783769896637,0.0254439179079064));
#4676=CARTESIAN_POINT('',(0.095,-0.069783769896637,0.0254439179079064));
#4677=CARTESIAN_POINT('',(0.085475,-0.069783769896637,0.0261784173570143));
#4678=CARTESIAN_POINT('',(0.095,-0.069783769896637,0.0261784173570143));
#4679=CARTESIAN_POINT('',(0.085475,-0.0695079848288612,0.0267630260568015));
#4680=CARTESIAN_POINT('',(0.095,-0.0695079848288612,0.0267630260568015));
#4681=CARTESIAN_POINT('',(0.085475,-0.0689564146933095,0.0271977440072678));
#4682=CARTESIAN_POINT('',(0.095,-0.0689564146933095,0.0271977440072678));
#4683=CARTESIAN_POINT('',(0.07,-0.069783769896637,0.0254439179079064));
#4684=CARTESIAN_POINT('',(0.085475,-0.0692130721712648,0.023742257962601));
#4685=CARTESIAN_POINT('',(0.095,-0.0692130721712648,0.023742257962601));
#4686=CARTESIAN_POINT('',(0.085475,-0.0695935373215129,0.0241769759130673));
#4687=CARTESIAN_POINT('',(0.095,-0.0695935373215129,0.0241769759130673));
#4688=CARTESIAN_POINT('',(0.085475,-0.069783769896637,0.0247441958948358));
#4689=CARTESIAN_POINT('',(0.095,-0.069783769896637,0.0247441958948358));
#4690=CARTESIAN_POINT('',(0.085475,-0.069783769896637,0.0254439179079064));
#4691=CARTESIAN_POINT('',(0.095,-0.069783769896637,0.0254439179079064));
#4692=CARTESIAN_POINT('',(0.07,-0.0692130721712648,0.023742257962601));
#4693=CARTESIAN_POINT('',(0.085475,-0.0673131808405467,0.0226144257119111));
#4694=CARTESIAN_POINT('',(0.095,-0.0673131808405467,0.0226144257119111));
#4695=CARTESIAN_POINT('',(0.085475,-0.0681993099107773,0.0229315959285714));
#4696=CARTESIAN_POINT('',(0.095,-0.0681993099107773,0.0229315959285714));
#4697=CARTESIAN_POINT('',(0.085475,-0.0688326070210167,0.0233075400121347));
#4698=CARTESIAN_POINT('',(0.095,-0.0688326070210167,0.0233075400121347));
#4699=CARTESIAN_POINT('',(0.085475,-0.0692130721712648,0.023742257962601));
#4700=CARTESIAN_POINT('',(0.095,-0.0692130721712648,0.023742257962601));
#4701=CARTESIAN_POINT('',(0.07,-0.0673131808405467,0.0226144257119111));
#4702=CARTESIAN_POINT('',(0.085475,-0.0658953047733057,0.0220082550017809));
#4703=CARTESIAN_POINT('',(0.095,-0.0658953047733057,0.0220082550017809));
#4704=CARTESIAN_POINT('',(0.085475,-0.0662062150514792,0.0221870110230126));
#4705=CARTESIAN_POINT('',(0.095,-0.0662062150514792,0.0221870110230126));
#4706=CARTESIAN_POINT('',(0.085475,-0.0666788404072262,0.0223890679263894));
#4707=CARTESIAN_POINT('',(0.095,-0.0666788404072262,0.0223890679263894));
#4708=CARTESIAN_POINT('',(0.085475,-0.0673131808405467,0.0226144257119111));
#4709=CARTESIAN_POINT('',(0.095,-0.0673131808405467,0.0226144257119111));
#4710=CARTESIAN_POINT('',(0.07,-0.0658953047733057,0.0220082550017809));
#4711=CARTESIAN_POINT('',(0.085475,-0.0652296646475516,0.0214239940763541));
#4712=CARTESIAN_POINT('',(0.095,-0.0652296646475516,0.0214239940763541));
#4713=CARTESIAN_POINT('',(0.085475,-0.0653625144532141,0.0216347453387402));
#4714=CARTESIAN_POINT('',(0.095,-0.0653625144532141,0.0216347453387402));
#4715=CARTESIAN_POINT('',(0.085475,-0.0655843944951322,0.0218294989805491));
#4716=CARTESIAN_POINT('',(0.095,-0.0655843944951322,0.0218294989805491));
#4717=CARTESIAN_POINT('',(0.085475,-0.0658953047733057,0.0220082550017809));
#4718=CARTESIAN_POINT('',(0.095,-0.0658953047733057,0.0220082550017809));
#4719=CARTESIAN_POINT('',(0.07,-0.0652296646475516,0.0214239940763541));
#4720=CARTESIAN_POINT('',(0.085475,-0.0650303899390579,0.0206133320423245));
#4721=CARTESIAN_POINT('',(0.095,-0.0650303899390579,0.0206133320423245));
#4722=CARTESIAN_POINT('',(0.085475,-0.0650303899390579,0.0209430221359582));
#4723=CARTESIAN_POINT('',(0.095,-0.0650303899390579,0.0209430221359582));
#4724=CARTESIAN_POINT('',(0.085475,-0.0650968148418891,0.021213242813968));
#4725=CARTESIAN_POINT('',(0.095,-0.0650968148418891,0.021213242813968));
#4726=CARTESIAN_POINT('',(0.085475,-0.0652296646475516,0.0214239940763541));
#4727=CARTESIAN_POINT('',(0.095,-0.0652296646475516,0.0214239940763541));
#4728=CARTESIAN_POINT('',(0.07,-0.0650303899390579,0.0206133320423245));
#4729=CARTESIAN_POINT('',(0.085475,-0.0655916977567,0.0194416802222276));
#4730=CARTESIAN_POINT('',(0.095,-0.0655916977567,0.0194416802222276));
#4731=CARTESIAN_POINT('',(0.085475,-0.0652174925449386,0.0197219863566883));
#4732=CARTESIAN_POINT('',(0.095,-0.0652174925449386,0.0197219863566883));
#4733=CARTESIAN_POINT('',(0.085475,-0.0650303899390579,0.0201125369633873));
#4734=CARTESIAN_POINT('',(0.095,-0.0650303899390579,0.0201125369633873));
#4735=CARTESIAN_POINT('',(0.085475,-0.0650303899390579,0.0206133320423245));
#4736=CARTESIAN_POINT('',(0.095,-0.0650303899390579,0.0206133320423245));
#4737=CARTESIAN_POINT('',(0.07,-0.0655916977567,0.0194416802222276));
#4738=CARTESIAN_POINT('',(0.085475,-0.0672610146864908,0.0190212210205365));
#4739=CARTESIAN_POINT('',(0.095,-0.0672610146864908,0.0190212210205365));
#4740=CARTESIAN_POINT('',(0.085475,-0.0665223419450583,0.0190212210205365));
#4741=CARTESIAN_POINT('',(0.095,-0.0665223419450583,0.0190212210205365));
#4742=CARTESIAN_POINT('',(0.085475,-0.0659659029684614,0.0191613740877669));
#4743=CARTESIAN_POINT('',(0.095,-0.0659659029684614,0.0191613740877669));
#4744=CARTESIAN_POINT('',(0.085475,-0.0655916977567,0.0194416802222276));
#4745=CARTESIAN_POINT('',(0.095,-0.0655916977567,0.0194416802222276));
#4746=CARTESIAN_POINT('',(0.07,-0.0672610146864908,0.0190212210205365));
#4747=CARTESIAN_POINT('',(0.0700000000000004,-0.0672466521549753,0.0257144125573352));
#4748=CARTESIAN_POINT('',(0.07,-0.0686298545689192,0.019165199605731));
#4749=CARTESIAN_POINT('',(0.0700000000000004,-0.0672346254584936,0.026050232129839));
#4750=CARTESIAN_POINT('',(0.085475,-0.0699089686702386,0.0195548100336007));
#4751=CARTESIAN_POINT('',(0.07,-0.0699089686663713,0.0190212210205365));
#4752=CARTESIAN_POINT('',(0.07,-0.0699089686663713,0.0184870396030036));
#4753=CARTESIAN_POINT('',(0.085475,-0.0673006609635733,0.0180488439089335));
#4754=CARTESIAN_POINT('',(0.095,-0.0673006609635733,0.0180488439089335));
#4755=CARTESIAN_POINT('',(0.085475,-0.068430232086065,0.0180488439089335));
#4756=CARTESIAN_POINT('',(0.095,-0.068430232086065,0.0180488439089335));
#4757=CARTESIAN_POINT('',(0.085475,-0.0692996679869977,0.0181949091402902));
#4758=CARTESIAN_POINT('',(0.095,-0.0692996679869977,0.0181949091402902));
#4759=CARTESIAN_POINT('',(0.085475,-0.0699089686663713,0.0184870396030036));
#4760=CARTESIAN_POINT('',(0.095,-0.0699089686663713,0.0184870396030036));
#4761=CARTESIAN_POINT('',(0.07,-0.0673006609635733,0.0180488439089335));
#4762=CARTESIAN_POINT('',(0.085475,-0.0648227686459152,0.01875413031177));
#4763=CARTESIAN_POINT('',(0.095,-0.0648227686459152,0.01875413031177));
#4764=CARTESIAN_POINT('',(0.085475,-0.0654313737765681,0.0182839393765457));
#4765=CARTESIAN_POINT('',(0.095,-0.0654313737765681,0.0182839393765457));
#4766=CARTESIAN_POINT('',(0.085475,-0.0662573378824541,0.0180488439089335));
#4767=CARTESIAN_POINT('',(0.095,-0.0662573378824541,0.0180488439089335));
#4768=CARTESIAN_POINT('',(0.085475,-0.0673006609635733,0.0180488439089335));
#4769=CARTESIAN_POINT('',(0.095,-0.0673006609635733,0.0180488439089335));
#4770=MECHANICAL_DESIGN_GEOMETRIC_PRESENTATION_REPRESENTATION('',(#2807),
#4771);
#4771=(
GEOMETRIC_REPRESENTATION_CONTEXT(3)
GLOBAL_UNCERTAINTY_ASSIGNED_CONTEXT((#4772))
GLOBAL_UNIT_ASSIGNED_CONTEXT((#4775,#4774,#4773))
REPRESENTATION_CONTEXT('Part 8','TOP_LEVEL_ASSEMBLY_PART')
);
#4772=UNCERTAINTY_MEASURE_WITH_UNIT(LENGTH_MEASURE(2.E-5),#4775,
'DISTANCE_ACCURACY_VALUE','Maximum Tolerance applied to model');
#4773=(
NAMED_UNIT(*)
SI_UNIT($,.STERADIAN.)
SOLID_ANGLE_UNIT()
);
#4774=(
NAMED_UNIT(*)
PLANE_ANGLE_UNIT()
SI_UNIT($,.RADIAN.)
);
#4775=(
LENGTH_UNIT()
NAMED_UNIT(*)
SI_UNIT($,.METRE.)
);
#4776=PRODUCT_DEFINITION_SHAPE('','',#4777);
#4777=PRODUCT_DEFINITION('','',#4779,#4778);
#4778=PRODUCT_DEFINITION_CONTEXT('',#4785,'design');
#4779=PRODUCT_DEFINITION_FORMATION_WITH_SPECIFIED_SOURCE('','',#4781,
 .NOT_KNOWN.);
#4780=PRODUCT_RELATED_PRODUCT_CATEGORY('','',(#4781));
#4781=PRODUCT('Part 8','Part 8','Part 8',(#4783));
#4782=PRODUCT_CATEGORY('','');
#4783=PRODUCT_CONTEXT('',#4785,'mechanical');
#4784=APPLICATION_PROTOCOL_DEFINITION('international standard',
'ap242_managed_model_based_3d_engineering',2020,#4785);
#4785=APPLICATION_CONTEXT('managed model based 3d engineering');
ENDSEC;
END-ISO-10303-21;
